random_ID,'class_predicted_by: RandomForest'
9406,13
6404,14
7158,14
6641,13
6952,13
6471,14
9417,12
7777,13
8539,12
9818,12
6012,14
9548,12
7726,13
7449,12
9912,12
4280,12
4775,12
4013,14
5692,14
8899,13
8721,11
6122,13
9247,12
4304,14
6465,13
8474,13
4669,12
6455,14
9600,12
7223,14
4501,12
4457,12
6597,12
7381,12
4953,13
8845,11
5136,13
9250,14
8705,13
5384,13
8550,12
9128,14
4544,12
4990,11
4918,13
9622,12
4000,12
4769,14
9799,14
5989,13
5591,14
8370,12
4515,14
9884,13
9260,12
6564,14
6128,12
8116,12
5509,7
9315,14
6144,12
7047,5
8944,12
7018,13
4132,13
7893,14
5503,14
8651,13
8061,12
6923,13
6540,14
6784,13
5133,13
8162,12
7967,12
7256,7
5286,12
9006,13
8230,12
4416,14
8751,10
8797,13
5554,13
4999,14
4944,14
9285,12
5071,13
5577,7
7582,12
8908,12
7845,12
7026,14
6743,12
6981,12
6886,12
6079,10
9619,13
4479,14
7109,14
5590,12
6826,12
6926,12
8503,14
8658,12
4108,5
5464,14
9629,13
5946,14
5215,14
5858,14
8236,14
4684,12
5802,13
8007,6
6559,12
6729,6
6060,12
9789,12
8189,12
9355,13
7968,12
4849,13
4714,13
7258,14
6051,3
4212,13
7220,12
4022,13
6068,7
4141,13
4974,12
6281,14
5983,13
4223,6
7658,12
6607,12
8000,13
4685,13
6782,14
9016,7
6435,5
9889,12
7966,13
5545,14
6243,6
7164,14
9093,12
3995,13
6551,14
6177,14
8100,14
5047,7
5125,11
5196,13
5731,13
9232,12
9490,14
9385,13
4418,14
9678,13
5211,13
7457,13
6535,14
8744,12
4401,14
5961,13
8799,13
6524,14
5278,12
7747,12
7115,12
5583,14
6969,13
7571,14
6684,14
8794,14
5633,14
9671,12
4960,12
4864,14
6833,11
7683,12
8253,12
5594,12
9775,14
9170,12
4360,14
4570,12
4662,14
6430,12
5657,14
8723,13
6984,13
8892,14
8495,12
8789,7
5814,13
4094,10
7248,12
4051,12
6309,7
4388,14
7752,12
8602,14
6356,14
8971,12
6839,14
7352,14
7002,11
4654,12
6405,12
4690,13
6552,10
4321,13
8395,13
9717,6
5595,12
5609,12
6500,12
4996,7
5871,11
9358,14
6748,13
4660,12
6131,12
7522,12
5904,14
8149,13
5107,12
6067,12
5504,14
7129,12
7151,13
8768,14
7538,14
8587,12
8018,12
8226,13
5806,13
6036,14
7128,13
8771,14
7796,14
3956,14
8072,12
3965,14
6064,12
9256,12
8731,13
7442,12
5515,13
9274,12
6553,14
9040,13
5170,12
4469,12
5087,14
7955,11
6109,11
7534,14
8812,13
8952,12
8347,12
4649,11
4117,13
7792,14
9428,14
4683,12
4835,13
8147,7
5917,7
4019,12
7687,14
8988,13
5926,12
4854,14
4784,12
9388,10
6666,13
5782,12
5103,12
9087,13
4788,12
4030,13
5213,14
9025,12
8227,14
7983,12
8273,13
7317,7
6829,7
7108,5
6206,14
7224,13
6398,14
7672,13
4937,14
8129,7
9747,12
8207,7
8935,14
6464,14
7654,14
4895,12
8255,13
6306,7
8335,12
9446,14
4651,12
9332,6
8640,13
6244,12
6348,12
5321,13
6047,14
9363,13
7766,12
8277,7
4838,12
6485,14
9733,14
7484,13
6476,14
9148,10
6702,14
8719,14
4169,14
6744,12
6163,13
6192,13
4118,14
8846,6
5326,12
8556,13
8819,13
7121,12
5476,12
7591,14
9041,12
7881,12
4205,14
7434,12
6896,12
7250,14
6373,12
8834,14
6810,12
5820,13
9291,13
9658,14
9475,14
8025,14
4863,12
5626,14
5687,12
4905,14
9863,12
6156,5
8521,12
6942,6
8607,12
4847,14
4439,12
4344,11
4467,14
4027,14
4638,13
7576,14
4627,14
5259,4
7539,12
9589,10
5395,11
4812,14
4874,7
6323,12
8464,12
7684,14
5291,14
7868,14
6842,7
4098,12
4891,12
4774,14
9793,13
6860,14
6766,14
7822,14
9704,6
9508,13
7174,14
5998,13
9877,14
7179,13
4783,12
5695,14
4231,14
7221,12
4593,12
9604,14
8613,12
8093,12
8296,14
4054,13
9492,14
4740,7
5209,14
9572,14
5940,12
5072,12
8011,12
8217,13
7057,14
5221,12
6005,14
8076,14
9507,13
5880,14
9074,11
5076,14
9982,12
6819,12
4208,5
4258,14
6179,12
3981,14
7229,14
4726,13
8964,8
8095,13
8943,5
6056,13
6020,13
4153,13
6149,12
9891,14
5702,14
7733,13
4262,11
9080,14
7036,13
6628,14
6760,11
8271,14
8813,12
4478,8
8889,14
9689,14
6393,14
8937,5
6776,6
4785,6
6009,7
5092,12
8136,14
7077,12
5658,13
4228,12
5629,13
8009,12
5392,7
9649,14
3520,14
1640,14
779,12
2073,11
1347,14
80,14
3320,13
2167,12
1704,12
2626,13
3703,14
880,14
3837,14
602,12
3545,14
1940,13
2315,13
1348,12
1842,14
2527,14
2176,10
2768,14
3901,13
2694,14
3330,12
576,14
3617,13
78,14
510,7
23,12
2409,13
3140,13
3629,14
1343,12
1747,14
529,12
3937,13
3827,14
1971,12
282,14
2947,13
2105,14
2862,14
195,12
2845,12
3663,12
3521,13
473,14
1213,12
1484,12
399,13
2795,13
2831,14
2054,14
896,14
198,13
2783,14
3776,12
3579,12
3271,13
1900,14
771,12
1306,14
2565,12
3835,12
2593,12
585,14
3948,14
2346,7
3834,12
2896,14
478,12
3,14
853,13
700,11
1720,12
2926,12
3558,12
324,14
1287,12
2294,13
1852,14
2178,7
2426,14
3790,14
1696,13
8,12
851,12
189,14
413,12
3202,14
14,13
3379,12
3053,13
1750,12
743,12
1381,12
932,12
2304,12
523,13
1030,13
3622,12
1216,12
2881,13
1390,12
2230,12
1641,13
3000,13
526,12
737,14
1384,14
1871,14
702,12
3119,12
2498,14
3055,14
3912,13
3906,10
1018,12
1678,13
410,14
2983,13
3798,12
153,13
137,12
994,13
2976,14
3909,13
927,14
2550,13
238,14
288,12
3280,12
2422,11
2836,14
1321,14
3584,14
3799,14
380,10
2332,14
3706,13
2995,14
1140,14
1587,13
3870,14
3246,14
3285,14
935,14
3189,14
3008,12
2043,13
140,14
3532,13
945,10
2907,12
2894,13
3730,14
2370,14
2241,14
3775,14
363,10
2513,12
2096,12
1780,12
3185,13
724,14
916,12
1004,13
3773,12
1195,14
3375,13
633,14
3398,12
2948,14
509,14
184,13
2272,13
3249,12
1336,14
1358,14
1795,14
3155,13
2361,12
2072,14
2688,14
10,14
3496,14
967,14
2390,13
2365,14
101,13
92,14
2012,14
519,14
692,14
490,13
3615,14
1154,13
2440,14
181,13
3029,7
3190,13
3495,11
688,13
3800,6
126,7
2021,5
2414,7
1174,6
3001,12
1536,3
2349,14
747,12
375,5
3780,14
2024,7
2821,11
1465,7
398,14
3504,13
1048,13
2437,12
2564,12
3177,13
143,13
2696,7
161,14
2252,14
1316,14
1609,11
234,12
2465,13
1620,10
2782,14
732,10
595,12
2298,14
3472,14
2179,12
98,5
2850,13
1869,14
1268,14
1788,10
2191,5
570,14
2247,12
337,10
57,12
1707,11
3346,12
796,12
2901,12
2580,12
2392,12
3796,12
1109,12
2168,12
1132,13
3407,7
1299,14
1261,12
43,13
3564,11
3605,8
331,14
3256,10
2855,4
170,12
3242,8
1498,12
1792,5
3162,12
1108,13
778,12
37,12
1963,12
2625,9
3072,13
3482,12
236,9
3738,7
203,13
1269,9
1393,14
2892,7
1767,5
2220,12
1493,6
2574,6
665,6
212,14
3004,7
2251,6
3829,9
1939,12
3081,7
1521,6
1259,7
2917,14
