random_ID,class_predicted_by: IBk'
2,7
3,12
8,12
9,13
10,14
12,4
13,14
14,12
15,10
16,11
17,12
18,14
20,10
21,13
22,14
23,13
24,7
25,12
27,14
28,13
29,12
30,14
31,14
33,14
34,14
35,10
36,14
37,9
42,14
43,8
44,11
46,12
48,10
49,14
50,11
57,10
58,13
59,3
60,9
67,13
68,13
69,14
71,3
72,13
73,13
75,6
76,9
78,13
79,11
80,13
81,14
82,12
83,14
86,13
87,14
89,14
92,14
93,12
94,13
95,13
96,13
97,11
98,11
99,14
100,13
101,14
103,13
104,12
105,12
106,2
108,14
112,12
115,11
117,14
118,13
120,14
122,13
123,8
125,14
126,7
127,13
128,12
129,11
130,10
132,8
133,4
134,14
135,7
136,9
137,12
138,12
139,12
140,14
141,13
142,13
143,11
147,14
149,7
150,13
153,12
154,14
156,12
157,10
160,12
161,11
162,10
165,14
170,6
172,9
173,14
174,8
175,12
176,10
177,14
179,12
181,14
182,11
183,7
184,14
185,10
187,13
188,13
189,12
191,14
193,11
195,13
197,11
198,13
199,12
200,14
201,12
203,9
204,13
205,14
206,9
207,11
208,13
209,12
210,12
211,12
212,2
213,12
214,10
216,13
217,6
218,11
221,5
227,12
229,7
231,14
233,14
234,11
235,12
236,9
237,12
238,14
239,10
246,13
247,13
248,12
249,9
250,14
251,12
252,12
253,10
254,10
255,12
256,12
257,14
258,14
259,12
260,11
262,14
263,14
264,13
266,9
267,13
268,13
269,9
271,14
277,14
278,14
279,12
280,12
281,13
282,13
284,13
286,12
287,5
288,14
289,12
291,10
294,14
295,9
297,14
298,14
299,11
300,13
302,10
303,10
305,13
307,5
309,14
310,12
311,12
312,13
313,14
314,10
315,11
317,5
318,6
321,13
322,14
323,14
324,12
325,13
326,14
329,13
331,8
335,14
336,12
337,10
340,13
341,12
342,11
343,12
344,12
345,12
346,11
347,13
348,8
350,14
351,4
358,12
359,11
360,12
362,13
363,14
364,14
367,9
369,12
370,10
372,12
374,7
375,7
376,5
380,14
381,14
382,9
383,10
384,6
385,6
386,13
387,14
388,12
389,12
390,12
391,6
392,12
394,7
396,8
397,10
398,11
399,13
400,9
401,11
402,14
403,14
404,8
408,12
410,12
411,14
413,12
414,14
415,14
418,12
419,10
420,12
421,12
423,11
424,12
426,13
427,11
428,13
429,13
430,3
431,13
433,11
434,7
435,11
438,7
442,12
443,13
444,11
445,13
450,13
451,11
453,12
456,5
457,14
460,12
462,12
463,14
465,10
466,14
467,12
470,14
471,12
472,13
473,13
474,7
475,12
477,8
478,12
479,12
481,5
482,13
483,14
485,11
489,7
490,14
492,7
494,13
496,14
500,14
501,13
502,14
505,10
507,11
509,14
510,13
515,14
517,14
519,14
520,13
521,13
522,14
523,12
525,2
526,12
527,12
528,13
529,13
530,14
531,14
532,13
533,6
534,13
535,12
538,11
539,12
540,14
542,5
547,7
548,13
549,13
552,10
553,12
554,12
555,7
559,9
562,14
565,10
567,10
569,12
570,10
571,12
572,12
573,14
574,13
575,14
576,13
577,5
578,12
579,3
585,12
586,5
587,12
589,8
590,13
592,14
593,13
594,10
595,11
598,12
599,13
601,14
602,13
604,11
607,14
608,8
609,12
610,12
612,13
614,12
615,13
616,13
619,13
620,3
621,10
622,10
623,13
624,14
626,12
628,13
630,11
632,11
633,14
634,12
635,8
636,12
637,12
639,7
640,13
641,14
644,9
645,13
646,13
647,14
648,12
649,14
650,9
651,14
653,13
655,11
656,14
657,14
658,12
662,8
663,10
664,13
665,4
666,14
668,12
669,7
671,1
672,13
674,12
678,11
680,14
681,13
682,14
683,12
684,12
685,14
687,10
688,7
689,13
690,12
692,14
694,13
695,12
698,11
700,12
702,12
705,10
708,12
709,14
710,10
712,14
713,11
715,14
716,12
717,13
719,7
721,13
722,5
723,7
724,14
725,8
726,7
727,14
729,13
731,11
732,11
733,9
734,14
735,12
736,8
737,12
738,13
741,14
743,12
744,5
745,12
746,13
747,7
749,4
750,14
751,12
753,14
755,3
756,9
757,14
759,11
760,14
762,14
763,13
764,9
765,9
767,13
768,13
771,13
772,10
773,13
775,14
776,14
777,11
778,9
779,13
782,12
783,12
785,11
786,6
787,13
789,7
790,12
791,14
793,12
796,10
798,13
799,9
800,13
803,13
804,13
805,13
806,11
807,14
808,11
809,12
810,9
811,14
812,11
813,13
814,7
815,4
816,13
817,11
818,12
820,12
822,4
823,13
824,12
825,13
826,13
827,13
828,6
829,13
834,9
835,14
836,10
839,8
840,12
841,14
842,14
843,14
844,9
845,13
846,13
847,11
848,14
851,12
852,13
853,12
854,14
855,12
856,7
857,9
858,13
862,13
863,11
865,10
866,14
867,12
868,12
869,2
871,12
872,14
875,7
877,8
878,12
879,12
880,13
882,14
886,9
889,10
891,14
894,13
895,11
896,13
899,11
900,12
901,12
902,12
905,7
906,1
907,7
908,11
910,12
912,11
914,13
916,14
917,14
918,7
919,12
920,12
921,14
922,12
924,7
925,8
926,12
927,12
929,13
932,12
933,12
935,14
936,13
938,7
939,14
940,12
942,13
945,14
947,7
949,13
951,10
952,13
953,3
954,14
955,12
956,14
957,14
958,12
961,9
962,12
965,12
966,12
967,14
969,14
973,13
974,13
975,11
977,4
978,13
979,12
980,11
981,14
983,11
985,12
986,13
987,5
988,4
990,8
991,14
994,12
995,13
996,13
998,12
999,12
1000,11
1003,2
1004,14
1005,6
1006,14
1007,10
1008,11
1009,13
1010,12
1011,3
1012,12
1013,14
1014,13
1015,14
1016,13
1018,12
1019,14
1023,11
1024,14
1025,12
1026,12
1027,11
1028,7
1029,13
1030,12
1031,12
1032,8
1033,14
1034,13
1035,9
1037,12
1038,8
1039,14
1040,14
1041,9
1042,13
1043,13
1044,13
1045,7
1046,12
1047,13
1048,11
1049,12
1050,3
1054,9
1056,14
1057,14
1058,13
1059,14
1060,14
1062,13
1064,14
1066,12
1067,13
1069,13
1071,12
1072,11
1073,12
1075,7
1076,11
1077,12
1079,12
1080,6
1081,13
1082,12
1084,14
1085,14
1088,12
1090,14
1091,13
1093,7
1094,13
1095,13
1096,7
1099,13
1100,13
1102,14
1103,14
1106,7
1108,6
1109,10
1110,3
1116,12
1118,14
1119,14
1121,14
1125,12
1127,14
1128,14
1131,13
1132,10
1135,12
1136,12
1137,13
1138,13
1140,14
1142,7
1143,12
1144,8
1145,12
1146,14
1148,13
1149,12
1150,12
1152,12
1153,14
1154,14
1156,14
1157,11
1159,14
1161,5
1163,6
1164,12
1166,12
1167,11
1168,12
1169,12
1170,12
1171,12
1173,14
1174,7
1175,3
1176,14
1180,12
1181,11
1184,10
1185,13
1190,13
1193,13
1195,14
1197,9
1198,13
1199,14
1200,13
1202,13
1203,12
1204,14
1205,14
1207,12
1209,11
1210,13
1211,11
1212,7
1213,13
1215,7
1216,12
1218,10
1219,13
1220,11
1221,14
1223,14
1224,7
1227,13
1228,8
1229,9
1230,6
1232,14
1234,4
1235,14
1236,14
1237,12
1240,14
1241,7
1243,13
1245,11
1246,7
1247,7
1248,13
1250,14
1253,14
1255,12
1256,12
1257,13
1258,14
1259,5
1261,8
1263,9
1264,13
1265,14
1267,11
1268,10
1269,9
1272,13
1273,9
1274,13
1276,10
1277,14
1278,14
1279,12
1283,10
1284,11
1286,13
1287,12
1288,9
1289,12
1290,14
1292,12
1293,10
1294,1
1296,14
1297,7
1298,14
1299,8
1301,14
1302,12
1303,11
1304,6
1306,13
1307,6
1309,12
1310,13
1311,14
1313,13
1315,14
1316,11
1317,14
1318,13
1319,10
1320,12
1321,14
1322,13
1324,12
1328,12
1329,13
1330,12
1331,13
1332,12
1333,8
1334,5
1336,14
1337,6
1338,12
1339,8
1340,12
1341,13
1342,13
1343,13
1344,14
1345,13
1347,13
1348,13
1349,9
1350,13
1351,12
1352,13
1354,14
1356,11
1357,11
1358,14
1360,12
1362,8
1367,13
1368,12
1370,9
1371,2
1372,12
1373,12
1374,12
1375,14
1376,14
1377,7
1378,12
1381,12
1382,13
1384,12
1385,14
1386,8
1387,14
1388,7
1390,12
1391,14
1392,14
1393,9
1394,7
1397,11
1398,14
1399,11
1400,13
1401,13
1404,7
1406,10
1408,10
1409,13
1410,13
1411,14
1412,12
1414,5
1415,10
1416,12
1419,14
1422,7
1423,13
1424,13
1425,3
1428,13
1430,13
1431,5
1434,14
1436,11
1437,14
1438,11
1440,11
1444,12
1445,14
1446,14
1447,14
1448,11
1450,11
1451,12
1452,10
1453,14
1454,13
1455,3
1457,13
1458,13
1459,11
1460,14
1461,14
1462,13
1463,14
1464,13
1465,11
1466,13
1468,13
1469,10
1470,14
1471,13
1472,4
1474,13
1477,4
1479,14
1480,10
1483,11
1484,13
1485,12
1486,6
1488,13
1490,14
1491,13
1493,4
1495,14
1497,14
1498,6
1499,4
1501,13
1502,11
1507,13
1508,12
1509,14
1511,14
1512,12
1514,14
1515,11
1516,14
1517,13
1518,12
1519,8
1520,13
1521,5
1522,11
1524,12
1525,13
1526,14
1528,13
1530,14
1532,12
1533,7
1534,9
1535,13
1536,7
1537,12
1538,14
1539,12
1540,13
1542,11
1543,9
1544,13
1546,13
1548,14
1549,11
1550,7
1554,14
1555,13
1559,10
1560,14
1561,14
1564,12
1568,14
1578,6
1579,13
1580,13
1581,12
1582,12
1583,7
1584,12
1586,11
1587,14
1588,8
1589,14
1591,13
1592,13
1593,14
1597,14
1598,9
1600,10
1601,7
1602,8
1603,13
1604,13
1605,5
1606,13
1609,11
1610,12
1611,4
1612,9
1613,13
1614,12
1616,12
1618,12
1619,13
1620,11
1621,11
1622,13
1623,12
1624,10
1626,11
1628,6
1629,14
1630,9
1631,6
1633,14
1634,11
1635,8
1636,12
1637,13
1638,12
1639,14
1640,13
1641,12
1643,14
1644,13
1645,11
1646,14
1647,14
1648,13
1651,13
1652,5
1653,6
1654,13
1656,13
1657,12
1658,9
1659,13
1662,13
1663,14
1664,12
1666,14
1667,12
1668,12
1670,14
1673,12
1675,4
1677,13
1678,12
1679,9
1680,9
1681,7
1684,10
1685,13
1686,12
1687,14
1689,9
1691,14
1692,9
1693,13
1694,14
1696,12
1697,9
1698,14
1700,14
1702,4
1703,11
1704,13
1705,12
1707,10
1710,8
1712,13
1713,13
1715,14
1717,12
1720,12
1721,12
1725,11
1728,11
1730,13
1732,12
1734,8
1737,11
1738,13
1740,13
1743,13
1744,12
1745,13
1746,14
1747,13
1748,9
1749,11
1750,12
1754,14
1755,13
1757,12
1760,13
1761,12
1764,10
1765,12
1766,12
1767,3
1770,12
1772,7
1774,13
1775,13
1776,4
1777,5
1778,12
1780,14
1781,10
1782,10
1783,14
1785,13
1786,7
1787,14
1788,10
1789,7
1790,10
1791,6
1792,6
1793,12
1794,12
1795,14
1796,14
1797,12
1798,14
1799,14
1802,7
1803,14
1805,13
1807,14
1808,12
1809,13
1811,13
1815,7
1816,14
1817,12
1821,13
1822,5
1823,10
1825,12
1826,13
1828,2
1829,14
1831,12
1832,14
1833,12
1835,14
1836,13
1838,3
1840,12
1841,13
1842,13
1843,12
1844,11
1845,14
1846,4
1847,11
1848,12
1849,14
1850,12
1851,12
1852,12
1853,3
1855,3
1857,10
1860,12
1862,11
1863,10
1864,11
1865,9
1866,13
1867,12
1868,13
1869,10
1871,12
1872,9
1873,12
1874,7
1875,11
1876,7
1878,13
1880,14
1881,14
1882,12
1885,14
1886,12
1887,14
1888,13
1889,12
1890,12
1891,13
1894,12
1896,13
1897,13
1898,14
1900,13
1901,7
1902,13
1903,9
1905,11
1906,14
1908,12
1909,12
1910,14
1911,8
1912,12
1913,14
1914,13
1915,14
1919,12
1921,7
1922,8
1923,12
1924,14
1925,13
1927,10
1928,12
1929,13
1930,10
1934,9
1935,14
1936,12
1938,14
1939,5
1940,13
1941,13
1946,13
1947,12
1948,12
1950,13
1951,8
1953,11
1955,12
1958,14
1960,14
1963,9
1965,14
1966,14
1968,13
1969,10
1970,12
1971,13
1973,14
1974,10
1976,12
1978,13
1979,9
1980,7
1981,13
1982,11
1983,9
1984,12
1985,6
1987,12
1988,11
1991,12
1993,14
1994,11
1995,14
1996,12
1997,12
1998,10
1999,6
2002,10
2004,14
2005,14
2007,14
2009,10
2010,14
2012,14
2015,13
2017,13
2021,7
2022,14
2023,10
2024,11
2025,10
2027,11
2030,13
2031,8
2032,14
2033,13
2034,13
2035,14
2037,12
2038,12
2039,12
2041,13
2042,5
2043,14
2044,12
2045,14
2048,14
2049,12
2050,13
2051,12
2053,11
2054,13
2057,13
2059,6
2060,7
2061,12
2063,14
2065,14
2067,13
2069,13
2071,12
2072,14
2073,13
2076,13
2079,13
2080,14
2081,11
2083,12
2085,13
2086,12
2089,7
2090,10
2091,14
2092,13
2094,11
2095,12
2096,14
2099,13
2100,10
2101,13
2102,8
2103,5
2105,13
2106,13
2107,14
2108,13
2110,14
2111,14
2112,14
2113,12
2114,14
2117,12
2118,12
2119,5
2120,12
2121,9
2122,11
2123,14
2124,12
2125,10
2126,13
2127,13
2128,13
2129,10
2130,12
2131,12
2132,14
2134,11
2135,6
2137,13
2138,14
2139,13
2140,13
2142,9
2144,13
2146,12
2148,14
2150,12
2152,13
2153,10
2154,14
2155,14
2156,13
2157,13
2158,14
2159,14
2160,11
2161,11
2164,14
2166,14
2167,13
2168,10
2170,7
2172,12
2175,11
2176,13
2177,6
2178,12
2179,11
2180,10
2182,7
2185,14
2187,10
2191,10
2192,13
2193,14
2195,6
2196,14
2197,12
2198,8
2199,13
2200,12
2204,11
2206,13
2208,10
2209,13
2210,11
2211,11
2213,12
2214,12
2215,10
2217,13
2219,14
2220,4
2221,14
2222,12
2223,8
2226,6
2229,12
2230,12
2231,5
2233,13
2234,12
2235,12
2237,13
2238,7
2239,12
2241,14
2242,14
2243,14
2244,12
2245,8
2246,6
2247,10
2248,14
2249,12
2251,5
2252,11
2253,11
2255,14
2258,5
2259,12
2261,14
2264,14
2265,9
2267,13
2270,12
2272,14
2273,14
2274,12
2275,12
2277,9
2278,11
2279,10
2280,14
2282,11
2284,11
2287,14
2288,12
2289,13
2290,10
2294,12
2295,11
2296,12
2297,13
2298,11
2299,13
2300,11
2301,5
2302,10
2303,6
2304,12
2305,1
2306,12
2307,4
2308,14
2309,8
2310,9
2311,13
2312,13
2314,7
2315,13
2316,11
2317,10
2319,13
2320,14
2322,12
2324,12
2325,12
2326,12
2327,11
2328,12
2331,13
2332,14
2333,9
2335,14
2337,12
2338,4
2339,9
2341,13
2342,10
2344,12
2346,12
2348,14
2349,7
2350,12
2351,12
2353,13
2354,12
2355,11
2356,13
2357,11
2358,14
2359,14
2361,14
2362,14
2363,14
2365,14
2366,13
2367,14
2369,10
2370,14
2371,13
2372,12
2373,12
2374,13
2377,12
2379,12
2380,13
2381,14
2382,14
2384,13
2385,12
2386,14
2388,13
2389,5
2390,14
2392,10
2393,12
2395,14
2398,14
2400,13
2402,14
2403,14
2406,6
2409,13
2410,12
2411,12
2412,14
2413,12
2414,7
2415,14
2417,14
2419,8
2420,14
2421,6
2422,14
2423,14
2425,12
2426,12
2428,12
2430,14
2431,12
2432,13
2433,13
2435,14
2436,14
2437,11
2438,12
2440,14
2441,9
2442,10
2444,13
2445,14
2447,10
2448,12
2449,14
2451,5
2453,12
2454,14
2456,9
2457,6
2458,10
2460,9
2462,13
2465,11
2467,12
2468,5
2469,12
2470,13
2471,10
2473,14
2474,12
2475,10
2477,13
2478,13
2479,13
2480,11
2481,12
2482,11
2483,14
2484,14
2487,11
2490,13
2491,14
2492,11
2494,14
2495,13
2497,9
2498,12
2499,11
2500,11
2501,14
2502,14
2503,4
2504,13
2505,12
2507,14
2508,13
2511,14
2512,13
2513,14
2514,4
2515,13
2517,13
2518,13
2520,12
2521,12
2524,10
2525,13
2526,7
2527,13
2529,7
2530,12
2532,7
2533,13
2535,12
2541,5
2543,13
2544,14
2546,12
2549,14
2550,12
2552,12
2553,12
2554,14
2555,8
2556,10
2557,12
2558,12
2560,5
2561,14
2564,11
2565,13
2566,10
2568,9
2570,5
2572,13
2574,4
2575,12
2580,10
2581,14
2582,6
2583,8
2584,6
2586,13
2587,7
2588,7
2589,13
2590,12
2591,14
2592,11
2593,12
2594,12
2596,12
2597,13
2598,14
2601,12
2602,11
2603,14
2604,9
2605,9
2607,11
2608,14
2609,11
2611,14
2612,11
2613,9
2614,12
2616,13
2618,12
2619,12
2620,12
2621,12
2623,13
2625,9
2626,13
2627,14
2628,14
2631,14
2633,7
2635,13
2637,14
2638,7
2639,12
2640,6
2642,12
2644,12
2645,8
2646,9
2647,14
2648,14
2649,11
2650,14
2651,6
2652,13
2654,12
2655,11
2656,13
2657,8
2658,6
2659,11
2660,12
2661,12
2662,1
2664,12
2665,13
2666,14
2667,11
2668,10
2670,13
2671,14
2672,11
2673,13
2674,12
2675,13
2676,14
2677,8
2679,12
2680,12
2681,13
2682,14
2684,13
2685,5
2686,12
2688,14
2689,14
2691,12
2693,14
2694,13
2695,5
2696,11
2697,12
2698,13
2700,12
2701,13
2702,14
2704,13
2705,14
2707,12
2708,7
2709,6
2710,13
2711,13
2712,13
2716,6
2718,11
2719,7
2720,14
2721,12
2722,13
2723,14
2724,13
2725,10
2727,10
2728,13
2729,14
2730,10
2733,10
2735,12
2738,14
2739,11
2740,13
2741,9
2743,8
2745,13
2746,5
2749,13
2750,10
2753,6
2756,11
2760,12
2762,13
2763,7
2764,14
2765,12
2766,14
2767,13
2768,13
2769,11
2771,13
2772,14
2775,13
2776,13
2777,11
2778,10
2779,12
2782,11
2783,13
2785,12
2787,6
2789,12
2790,14
2791,9
2792,9
2794,12
2795,13
2796,7
2798,13
2799,14
2800,11
2802,13
2803,12
2804,6
2805,14
2806,14
2809,12
2811,12
2813,14
2814,13
2815,6
2816,12
2817,12
2818,11
2819,14
2821,11
2822,7
2824,14
2825,7
2826,14
2828,13
2830,14
2831,13
2832,12
2833,8
2836,14
2838,14
2840,11
2842,13
2844,12
2845,13
2846,9
2848,4
2849,13
2850,11
2851,14
2852,14
2853,14
2854,13
2855,6
2859,14
2860,13
2861,11
2862,13
2863,10
2864,14
2867,14
2868,12
2869,14
2872,7
2873,12
2874,11
2875,6
2876,11
2877,13
2880,10
2881,12
2882,14
2883,12
2884,6
2887,11
2888,13
2889,13
2890,14
2891,14
2892,3
2894,14
2895,12
2896,12
2899,13
2900,8
2901,10
2903,7
2906,12
2907,14
2908,13
2909,13
2910,13
2912,12
2913,11
2914,14
2915,11
2916,12
2917,1
2918,3
2920,14
2921,13
2923,7
2924,8
2926,12
2927,14
2928,9
2929,12
2930,13
2932,11
2933,9
2934,7
2935,13
2936,14
2937,11
2938,14
2941,7
2944,12
2945,13
2947,13
2948,14
2949,10
2951,11
2955,13
2956,11
2957,12
2958,14
2959,13
2960,14
2961,12
2962,11
2965,12
2967,13
2968,12
2969,12
2971,14
2976,12
2977,14
2978,12
2979,13
2980,14
2981,13
2982,14
2983,12
2984,6
2985,13
2986,14
2987,12
2988,12
2989,13
2990,14
2992,14
2993,12
2994,12
2995,14
2997,10
2998,11
2999,12
3000,12
3001,7
3002,13
3003,14
3004,5
3005,13
3007,1
3008,14
3011,13
3012,13
3013,10
3015,14
3016,13
3018,12
3019,12
3020,13
3021,12
3022,13
3023,14
3026,7
3028,13
3029,7
3030,4
3031,13
3032,14
3034,3
3035,11
3036,12
3037,13
3038,14
3039,12
3040,14
3041,11
3046,5
3047,12
3048,13
3049,8
3050,12
3051,13
3052,10
3053,12
3055,12
3056,9
3057,9
3058,14
3059,11
3060,14
3061,14
3062,14
3063,14
3065,13
3067,14
3069,14
3070,11
3071,10
3072,9
3073,13
3074,7
3076,13
3077,14
3078,13
3079,12
3081,5
3083,13
3084,10
3085,12
3086,11
3087,12
3088,13
3092,12
3093,14
3095,10
3097,12
3098,12
3099,12
3100,13
3102,14
3103,14
3104,10
3105,13
3106,12
3108,13
3110,8
3111,11
3113,12
3114,10
3115,11
3116,14
3117,5
3118,13
3119,12
3120,12
3122,11
3124,7
3125,13
3126,13
3127,12
3129,12
3132,12
3133,11
3134,14
3137,14
3138,12
3139,7
3140,13
3142,14
3145,13
3146,14
3147,13
3148,12
3150,14
3151,7
3152,12
3153,10
3154,12
3155,14
3157,12
3159,14
3160,14
3161,14
3162,6
3163,9
3166,7
3167,11
3168,14
3169,2
3170,12
3171,8
3172,7
3173,5
3174,14
3175,14
3176,13
3177,11
3178,10
3179,10
3181,2
3182,12
3183,12
3184,13
3185,14
3188,14
3189,14
3190,7
3191,3
3192,14
3193,8
3195,13
3196,14
3197,12
3198,12
3200,12
3201,13
3202,12
3203,13
3204,12
3205,12
3206,13
3207,12
3209,12
3210,13
3211,14
3213,13
3214,14
3215,10
3216,5
3217,13
3219,6
3220,11
3221,14
3222,11
3223,14
3224,12
3225,4
3226,14
3228,14
3229,10
3230,12
3233,14
3234,12
3235,14
3236,11
3237,11
3238,2
3239,12
3240,10
3242,6
3243,14
3244,12
3245,14
3246,14
3247,12
3248,13
3249,14
3250,8
3251,6
3252,7
3253,12
3254,10
3256,6
3257,14
3261,2
3263,13
3265,9
3266,10
3267,13
3268,13
3270,14
3271,13
3273,13
3274,13
3276,12
3277,14
3278,5
3279,14
3280,14
3282,9
3283,12
3284,13
3285,14
3286,14
3288,12
3289,14
3291,13
3292,12
3295,14
3296,12
3297,12
3300,12
3301,11
3303,13
3305,13
3307,12
3308,13
3309,13
3310,14
3311,14
3312,14
3313,14
3314,12
3315,13
3316,14
3320,13
3321,14
3322,14
3323,12
3325,10
3326,14
3327,12
3330,13
3333,13
3334,12
3338,12
3340,13
3341,8
3343,14
3344,9
3345,7
3346,10
3348,14
3349,11
3350,12
3351,13
3352,14
3353,12
3355,10
3356,13
3357,12
3358,12
3359,10
3364,14
3365,11
3366,10
3367,13
3371,12
3373,7
3374,7
3375,14
3376,11
3377,13
3378,12
3379,12
3380,13
3381,14
3382,14
3385,11
3386,7
3387,7
3388,13
3393,13
3396,14
3397,12
3398,14
3399,10
3400,13
3401,9
3403,13
3404,11
3407,8
3408,12
3411,13
3412,12
3413,13
3414,11
3419,7
3420,13
3422,13
3423,4
3424,14
3425,7
3426,14
3427,14
3429,14
3430,13
3431,14
3432,12
3435,3
3436,11
3438,13
3440,13
3446,13
3447,14
3448,13
3449,8
3450,14
3451,11
3453,10
3454,4
3455,10
3456,13
3457,13
3458,13
3460,14
3464,13
3465,12
3466,14
3468,11
3469,12
3470,14
3472,11
3475,12
3476,14
3479,11
3480,14
3482,9
3484,13
3487,14
3489,13
3490,12
3492,13
3493,14
3494,10
3495,7
3496,14
3497,7
3498,12
3500,14
3501,13
3504,11
3506,5
3507,14
3508,13
3509,14
3511,14
3512,1
3513,13
3515,14
3516,13
3518,14
3520,13
3521,13
3522,12
3523,5
3524,13
3525,13
3527,2
3529,12
3530,12
3531,7
3532,14
3533,13
3536,12
3537,13
3538,14
3539,14
3540,13
3541,11
3542,14
3543,14
3545,13
3549,12
3550,10
3552,13
3554,13
3558,12
3559,12
3560,12
3561,10
3562,14
3563,10
3564,8
3565,11
3566,12
3567,14
3569,11
3572,14
3574,10
3576,12
3579,13
3580,5
3581,11
3582,13
3584,14
3585,14
3586,3
3588,14
3590,11
3591,4
3595,14
3596,11
3597,14
3601,6
3604,6
3605,8
3608,6
3609,14
3610,13
3611,14
3613,13
3615,14
3616,14
3617,13
3621,13
3622,12
3625,10
3626,13
3628,10
3629,13
3630,14
3631,14
3632,9
3634,14
3635,13
3638,11
3640,14
3642,12
3643,9
3644,14
3645,14
3647,12
3649,4
3650,13
3652,10
3655,14
3657,14
3659,14
3660,12
3662,13
3663,13
3664,12
3665,7
3668,13
3669,12
3670,13
3671,12
3672,14
3674,14
3675,11
3677,12
3679,12
3681,12
3682,7
3683,13
3686,11
3688,13
3689,11
3690,12
3691,13
3692,13
3693,13
3695,10
3696,9
3697,12
3700,13
3702,13
3703,13
3704,12
3705,13
3706,14
3707,13
3709,9
3710,11
3711,11
3712,12
3714,12
3715,12
3716,12
3717,11
3718,6
3721,5
3722,14
3723,11
3725,12
3726,14
3728,12
3730,14
3731,13
3732,13
3733,14
3735,13
3736,13
3737,14
3738,9
3739,14
3740,7
3741,13
3745,14
3746,14
3747,11
3749,12
3751,14
3752,5
3754,14
3755,12
3756,10
3758,12
3759,12
3762,11
3764,14
3767,14
3768,13
3769,5
3770,12
3772,12
3773,14
3775,14
3776,13
3777,14
3778,13
3780,11
3782,11
3783,10
3784,9
3785,12
3788,14
3789,4
3790,12
3791,13
3792,14
3793,13
3794,13
3795,8
3796,10
3797,12
3798,12
3799,14
3800,7
3801,5
3803,14
3805,14
3806,12
3807,14
3808,12
3809,13
3810,14
3812,14
3813,12
3814,14
3818,14
3819,13
3820,7
3821,10
3822,8
3823,14
3824,13
3826,13
3827,13
3828,14
3829,5
3830,12
3833,13
3834,12
3835,13
3836,12
3837,13
3838,12
3839,12
3840,12
3842,11
3843,12
3844,11
3845,14
3846,12
3848,14
3849,13
3850,13
3851,6
3852,11
3854,14
3857,10
3859,14
3860,14
3862,5
3864,6
3865,12
3866,12
3867,14
3868,10
3869,11
3870,14
3872,13
3873,11
3874,13
3875,7
3877,10
3878,14
3879,12
3880,13
3886,14
3887,14
3888,12
3891,12
3892,11
3893,12
3894,8
3895,12
3896,14
3897,13
3900,13
3901,13
3903,10
3905,14
3906,12
3907,12
3908,14
3909,12
3910,12
3912,12
3913,13
3914,7
3916,12
3920,13
3921,13
3922,13
3923,11
3924,4
3927,13
3928,14
3929,11
3932,11
3935,14
3936,14
3937,13
3938,13
3939,13
3940,5
3941,7
3942,12
3943,14
3945,14
3946,8
3947,14
3948,12
3950,4
3951,6
3953,7
3955,6
3956,13
3957,12
3958,14
3959,12
3960,11
3961,12
3962,7
3964,13
3965,10
3968,13
3969,10
3970,10
3971,14
3972,12
3973,3
3974,4
3975,3
3977,13
3978,14
3980,11
3981,11
3982,11
3983,12
3984,13
3985,14
3986,8
3987,8
3988,12
3989,11
3991,14
3992,13
3995,10
3997,12
3998,11
3999,13
4000,6
4002,12
4004,4
4006,11
4008,12
4009,13
4013,12
4014,9
4016,13
4017,12
4019,12
4020,12
4021,13
4022,12
4023,13
4024,14
4025,14
4026,6
4027,14
4028,12
4029,7
4030,14
4032,3
4034,13
4035,14
4037,7
4038,7
4040,11
4041,14
4042,14
4043,12
4044,12
4045,8
4046,12
4048,12
4049,14
4051,12
4053,12
4054,13
4055,14
4057,5
4058,14
4059,12
4061,14
4062,6
4063,14
4064,13
4065,14
4067,13
4068,12
4069,10
4070,12
4071,12
4073,12
4074,13
4075,14
4076,13
4077,14
4079,7
4080,9
4081,13
4082,13
4083,12
4084,13
4086,3
4087,13
4088,6
4090,14
4091,9
4092,11
4093,12
4094,14
4097,12
4098,11
4099,14
4100,14
4101,14
4103,13
4104,12
4106,7
4108,8
4110,12
4115,13
4116,13
4117,12
4118,14
4123,6
4126,7
4127,10
4130,11
4131,12
4132,13
4133,12
4134,7
4135,12
4136,13
4137,12
4138,13
4139,12
4140,8
4141,10
4142,13
4144,12
4145,13
4146,7
4148,14
4149,13
4150,8
4152,12
4153,9
4155,12
4156,14
4157,13
4158,12
4160,13
4161,14
4162,13
4164,12
4165,4
4166,12
4167,7
4169,9
4170,7
4171,10
4172,12
4173,14
4174,14
4175,10
4176,5
4178,12
4181,9
4182,11
4183,12
4184,14
4185,11
4187,11
4188,14
4191,13
4192,12
4194,12
4196,10
4198,13
4200,14
4201,13
4203,9
4205,14
4206,14
4208,2
4209,11
4210,14
4211,14
4212,14
4214,13
4215,12
4216,12
4217,12
4218,14
4219,10
4220,13
4221,7
4223,13
4224,13
4225,7
4226,12
4227,12
4228,14
4230,13
4231,14
4233,3
4235,6
4236,14
4237,12
4239,11
4241,14
4242,13
4245,13
4247,11
4250,13
4251,12
4252,13
4254,14
4256,6
4257,12
4258,7
4259,12
4260,12
4262,13
4264,6
4265,10
4267,13
4269,9
4270,6
4271,7
4272,12
4273,9
4274,10
4275,12
4276,7
4277,13
4279,13
4280,12
4281,10
4282,7
4283,7
4284,14
4286,12
4287,14
4288,11
4293,10
4294,11
4295,14
4296,12
4298,4
4299,14
4300,14
4302,13
4303,13
4304,12
4305,14
4306,11
4308,13
4309,13
4310,10
4311,2
4312,5
4314,14
4315,4
4316,14
4317,12
4319,14
4320,13
4321,11
4322,7
4323,13
4324,14
4326,8
4327,10
4329,14
4331,7
4334,7
4335,14
4337,14
4338,14
4339,14
4340,12
4342,12
4343,11
4344,9
4345,13
4346,8
4347,12
4349,12
4350,13
4351,4
4352,4
4353,13
4355,14
4356,12
4358,7
4359,12
4360,9
4362,13
4363,7
4364,12
4366,12
4368,13
4369,12
4371,13
4373,7
4376,12
4377,10
4378,10
4379,7
4381,11
4382,13
4383,9
4385,12
4387,14
4388,13
4390,11
4391,11
4393,2
4394,12
4396,13
4397,14
4398,12
4400,12
4401,12
4402,8
4403,14
4406,14
4407,12
4408,12
4409,12
4410,11
4411,6
4412,13
4413,13
4414,13
4416,13
4418,14
4420,12
4422,13
4423,13
4424,13
4429,14
4430,7
4431,12
4432,13
4433,13
4434,14
4435,9
4436,13
4439,12
4440,7
4441,9
4443,4
4444,13
4446,12
4448,13
4449,11
4450,14
4451,14
4452,12
4453,10
4454,13
4456,12
4457,13
4458,14
4459,12
4460,14
4461,13
4462,12
4466,12
4467,14
4469,12
4471,13
4472,4
4475,14
4478,8
4479,13
4480,12
4481,12
4483,10
4484,10
4485,11
4486,10
4487,13
4488,5
4489,13
4490,12
4492,13
4493,10
4494,7
4495,11
4496,6
4497,13
4499,13
4500,3
4501,4
4502,5
4503,11
4504,11
4505,11
4506,14
4507,13
4508,14
4509,11
4510,13
4513,13
4514,14
4515,12
4517,13
4518,12
4519,12
4520,14
4521,12
4522,12
4523,12
4524,14
4526,9
4527,14
4528,12
4529,9
4530,7
4532,13
4533,14
4534,5
4538,5
4539,14
4540,12
4541,13
4544,11
4545,14
4546,14
4549,14
4550,13
4551,11
4552,14
4553,10
4554,11
4556,10
4557,12
4558,12
4559,12
4560,14
4561,6
4562,13
4563,14
4564,11
4565,7
4566,14
4567,13
4568,14
4569,14
4570,12
4571,14
4572,14
4573,12
4575,13
4576,5
4579,14
4580,6
4581,11
4582,12
4584,11
4585,9
4586,13
4587,12
4588,14
4589,12
4590,14
4593,12
4594,11
4595,9
4597,7
4598,13
4600,4
4601,5
4603,5
4604,14
4605,7
4607,13
4608,12
4612,5
4614,4
4615,2
4617,7
4619,14
4620,14
4621,14
4622,7
4623,12
4624,13
4627,14
4628,5
4629,5
4633,14
4635,11
4638,13
4640,12
4643,12
4645,2
4646,4
4648,13
4649,10
4650,13
4651,14
4652,14
4654,10
4655,14
4656,11
4657,14
4658,14
4659,10
4660,13
4661,11
4662,8
4665,12
4666,9
4667,12
4668,12
4669,14
4670,5
4671,13
4673,13
4674,12
4675,14
4676,6
4677,11
4678,12
4680,14
4681,11
4682,12
4683,12
4684,14
4685,13
4686,14
4687,13
4689,13
4690,12
4691,13
4692,12
4694,13
4695,12
4697,10
4698,13
4699,13
4701,12
4703,11
4706,12
4707,14
4708,13
4710,12
4711,13
4712,12
4713,6
4714,6
4717,12
4720,10
4721,14
4722,14
4723,7
4724,12
4726,3
4727,13
4728,12
4729,12
4730,12
4731,9
4733,11
4734,14
4735,12
4736,13
4739,6
4740,7
4741,13
4742,14
4745,12
4746,13
4747,7
4748,14
4749,10
4750,14
4752,12
4753,14
4754,12
4756,13
4757,6
4758,10
4760,14
4761,13
4763,14
4766,14
4767,12
4768,12
4769,12
4770,12
4774,12
4775,8
4776,12
4781,11
4782,6
4783,12
4784,13
4785,8
4786,13
4788,10
4789,13
4792,14
4794,11
4795,14
4797,5
4798,10
4802,13
4803,8
4804,14
4805,14
4806,12
4808,13
4809,13
4810,13
4811,9
4812,14
4813,13
4815,10
4817,7
4818,11
4819,12
4820,13
4821,14
4823,13
4824,14
4825,14
4826,12
4827,13
4828,14
4829,7
4830,14
4831,13
4833,12
4834,6
4835,2
4836,14
4837,14
4838,12
4839,5
4840,12
4843,13
4846,13
4847,12
4848,12
4849,12
4850,13
4851,12
4852,13
4854,14
4857,13
4860,12
4862,13
4863,12
4864,12
4867,5
4869,14
4873,14
4874,7
4875,14
4876,11
4878,12
4882,11
4883,14
4885,14
4886,9
4888,14
4891,9
4892,4
4893,13
4895,13
4896,12
4897,12
4900,6
4901,10
4903,11
4904,10
4905,6
4906,12
4908,13
4912,12
4913,11
4914,13
4918,12
4919,12
4920,6
4921,7
4922,12
4923,5
4924,12
4926,13
4928,7
4929,13
4930,7
4932,14
4933,14
4934,5
4935,13
4936,7
4937,12
4940,13
4941,14
4942,12
4943,10
4944,14
4945,13
4946,14
4947,14
4949,11
4952,12
4953,12
4955,13
4957,10
4958,14
4959,7
4960,12
4961,13
4964,12
4965,14
4967,14
4968,12
4969,7
4970,13
4971,13
4972,11
4974,13
4976,10
4977,14
4978,7
4982,12
4986,12
4987,13
4988,14
4989,14
4990,11
4994,12
4996,7
4998,6
4999,9
5004,12
5005,13
5006,8
5007,11
5008,11
5009,14
5011,12
5012,9
5013,13
5018,12
5019,10
5020,10
5021,11
5022,12
5023,12
5025,8
5026,7
5027,8
5028,14
5029,6
5030,5
5031,7
5033,11
5035,14
5037,11
5041,8
5044,9
5046,8
5047,7
5048,13
5050,12
5051,7
5052,13
5053,11
5054,12
5055,12
5059,12
5060,14
5062,12
5063,11
5064,10
5065,14
5066,10
5068,14
5069,12
5070,12
5071,13
5072,14
5073,14
5074,12
5075,11
5076,14
5077,13
5078,10
5079,14
5080,13
5081,11
5082,11
5083,13
5085,13
5086,13
5087,10
5088,14
5090,9
5092,14
5093,7
5094,13
5096,13
5099,7
5102,13
5103,11
5104,11
5106,14
5107,12
5109,14
5111,12
5113,12
5114,11
5115,14
5118,4
5119,13
5122,13
5123,3
5125,11
5126,14
5128,12
5129,13
5130,14
5131,12
5133,12
5134,11
5135,13
5136,13
5138,13
5139,14
5140,13
5141,10
5142,12
5143,7
5145,14
5147,13
5148,14
5149,12
5151,11
5153,13
5154,12
5156,12
5157,5
5158,5
5159,13
5163,14
5164,13
5168,11
5169,10
5170,10
5171,13
5174,9
5175,14
5176,14
5177,14
5178,8
5180,14
5181,14
5182,14
5183,11
5184,13
5185,10
5186,14
5187,12
5189,14
5190,12
5191,7
5192,14
5193,7
5194,13
5195,9
5196,9
5199,13
5200,11
5202,10
5203,13
5204,13
5205,12
5207,14
5208,13
5209,12
5210,13
5211,12
5212,13
5213,14
5215,13
5219,13
5220,10
5221,6
5224,14
5225,12
5226,13
5227,13
5230,14
5231,13
5232,13
5234,14
5235,14
5237,11
5238,10
5239,13
5240,5
5242,12
5244,5
5245,10
5246,6
5247,13
5248,12
5249,14
5250,14
5252,8
5253,11
5255,11
5257,14
5258,12
5259,4
5260,10
5261,10
5262,13
5263,9
5265,13
5267,9
5269,14
5271,12
5272,9
5274,9
5275,11
5277,14
5278,11
5279,11
5280,13
5281,14
5282,9
5285,12
5286,13
5287,7
5288,12
5289,5
5291,14
5293,13
5295,12
5298,14
5299,12
5300,12
5301,4
5302,7
5304,11
5306,13
5307,13
5308,12
5309,14
5311,12
5313,3
5316,8
5318,14
5321,13
5323,12
5324,11
5326,13
5328,10
5329,12
5330,14
5331,10
5332,5
5333,12
5334,13
5336,10
5337,13
5339,11
5340,13
5343,13
5344,11
5345,14
5348,13
5350,13
5352,12
5353,6
5354,14
5355,12
5356,13
5357,7
5363,12
5365,8
5368,13
5369,14
5373,13
5374,11
5375,14
5376,13
5377,12
5378,13
5379,9
5381,13
5382,13
5383,14
5384,14
5385,9
5386,14
5391,3
5392,7
5393,7
5395,11
5396,11
5397,9
5398,12
5399,13
5400,14
5402,13
5403,12
5404,11
5405,14
5408,13
5409,12
5410,14
5411,10
5414,12
5415,5
5416,14
5417,12
5418,9
5420,11
5421,6
5422,14
5424,11
5426,5
5428,12
5429,13
5430,13
5431,10
5432,10
5433,14
5434,12
5436,14
5437,14
5438,12
5440,2
5441,13
5442,5
5444,11
5445,13
5446,10
5449,12
5451,12
5452,6
5453,7
5454,11
5455,13
5457,8
5459,11
5460,14
5461,14
5462,12
5463,13
5464,13
5465,14
5466,12
5467,14
5468,11
5469,13
5471,13
5472,13
5473,13
5474,13
5476,9
5478,14
5479,4
5480,12
5482,13
5485,7
5486,12
5487,12
5488,13
5489,14
5490,7
5491,10
5494,10
5495,12
5496,8
5497,12
5498,13
5499,8
5500,11
5502,13
5503,14
5504,13
5505,11
5506,11
5508,10
5509,6
5511,11
5512,6
5513,12
5515,11
5516,13
5517,11
5519,14
5521,12
5522,13
5523,8
5527,12
5529,12
5531,7
5532,14
5533,12
5534,14
5535,14
5536,14
5539,5
5540,12
5541,11
5544,12
5545,13
5546,14
5550,13
5551,14
5553,14
5554,12
5555,13
5556,14
5557,12
5558,13
5560,12
5562,12
5564,6
5565,14
5566,4
5567,6
5568,5
5572,10
5573,12
5575,12
5576,14
5577,5
5578,11
5583,13
5584,9
5585,14
5586,14
5587,7
5588,7
5589,10
5590,10
5591,12
5593,11
5594,10
5595,2
5597,13
5599,12
5600,12
5602,14
5603,12
5604,6
5606,12
5607,10
5608,7
5609,12
5610,12
5611,13
5615,14
5616,12
5618,4
5619,11
5620,7
5623,13
5626,13
5628,13
5629,3
5631,12
5633,14
5634,10
5636,12
5637,13
5638,13
5639,12
5641,10
5642,12
5647,9
5648,11
5649,10
5650,8
5653,12
5654,12
5655,8
5657,14
5658,13
5660,9
5661,13
5662,7
5665,10
5667,14
5669,14
5671,13
5672,6
5673,7
5675,8
5676,13
5677,12
5681,12
5682,13
5683,13
5684,13
5685,13
5687,12
5688,4
5690,12
5692,12
5695,13
5696,10
5697,7
5698,6
5699,9
5700,11
5701,13
5702,13
5703,14
5706,11
5709,12
5710,14
5711,12
5712,10
5713,12
5714,7
5715,13
5716,11
5719,11
5720,5
5721,11
5722,9
5723,12
5726,9
5727,8
5728,12
5729,14
5730,11
5731,14
5732,12
5735,6
5736,14
5737,12
5739,14
5740,12
5741,4
5742,3
5743,14
5744,7
5745,13
5746,12
5747,13
5748,6
5749,13
5751,10
5753,13
5754,5
5755,13
5756,12
5758,14
5759,13
5761,14
5762,12
5763,9
5764,12
5765,14
5766,13
5767,13
5768,13
5769,6
5770,9
5771,11
5772,11
5773,14
5774,14
5776,12
5777,10
5778,14
5779,12
5780,13
5782,13
5783,11
5785,14
5790,13
5793,6
5798,14
5800,8
5802,14
5803,9
5804,11
5805,14
5806,13
5809,14
5810,11
5811,13
5813,10
5814,13
5816,12
5817,13
5818,14
5819,12
5820,13
5821,13
5823,12
5824,7
5827,12
5828,13
5829,10
5834,12
5835,10
5836,10
5838,10
5842,14
5844,14
5845,14
5846,13
5847,13
5848,13
5852,12
5853,10
5855,10
5857,12
5858,14
5859,14
5860,13
5861,13
5864,14
5867,13
5870,10
5871,11
5873,10
5874,11
5875,12
5876,9
5879,9
5880,14
5881,13
5882,13
5885,7
5886,5
5887,12
5888,13
5891,12
5894,11
5895,12
5897,14
5899,12
5900,13
5902,12
5903,7
5904,14
5905,12
5906,13
5907,7
5908,13
5909,13
5910,13
5911,12
5912,12
5913,13
5914,14
5915,14
5917,3
5919,13
5920,14
5922,13
5923,14
5924,12
5926,12
5929,14
5930,14
5934,13
5935,13
5936,6
5937,12
5938,10
5939,10
5940,13
5941,12
5942,12
5943,13
5944,13
5946,6
5949,12
5950,12
5952,13
5953,14
5954,12
5955,9
5956,10
5957,11
5959,14
5961,12
5963,14
5964,7
5965,12
5967,14
5968,14
5969,7
5970,14
5971,13
5972,14
5973,10
5974,10
5975,9
5976,8
5978,6
5979,9
5981,12
5982,12
5983,14
5984,14
5985,6
5987,13
5988,14
5989,12
5991,12
5992,14
5993,13
5994,14
5995,7
5996,13
5998,11
5999,7
6000,10
6002,14
6004,13
6005,12
6006,12
6009,8
6010,12
6012,12
6014,14
6015,11
6016,14
6018,14
6019,12
6020,12
6021,12
6024,5
6025,13
6026,12
6027,13
6028,13
6029,13
6030,14
6031,13
6032,5
6034,13
6036,14
6037,14
6038,13
6039,7
6041,7
6042,12
6043,14
6045,13
6046,12
6047,13
6048,13
6049,11
6051,3
6053,11
6054,13
6056,12
6058,9
6059,12
6060,13
6061,13
6062,7
6064,10
6065,13
6066,13
6067,10
6068,7
6071,7
6072,13
6073,5
6075,13
6076,13
6077,13
6078,14
6079,12
6080,13
6081,13
6082,13
6083,14
6084,12
6086,11
6087,14
6088,13
6089,10
6090,12
6091,13
6092,13
6093,9
6094,12
6095,13
6097,13
6098,14
6099,12
6100,13
6102,12
6103,12
6104,12
6106,11
6108,10
6109,11
6110,9
6111,14
6113,7
6114,13
6115,12
6116,12
6117,14
6118,14
6119,10
6121,12
6122,12
6123,6
6124,12
6128,11
6129,14
6131,12
6132,7
6133,12
6134,8
6135,14
6136,4
6137,14
6139,12
6141,14
6142,13
6143,14
6144,12
6145,4
6148,14
6149,13
6150,7
6151,13
6152,12
6153,13
6155,6
6156,7
6157,7
6159,13
6160,11
6163,13
6164,14
6166,12
6167,6
6168,10
6169,10
6170,6
6172,10
6174,14
6175,13
6176,11
6177,14
6179,7
6180,9
6181,12
6183,12
6187,11
6188,2
6189,12
6191,13
6192,14
6193,12
6194,10
6195,12
6196,5
6199,7
6202,12
6203,13
6204,7
6205,12
6206,13
6209,7
6210,8
6211,12
6212,14
6213,13
6215,13
6216,12
6221,6
6222,14
6223,8
6225,10
6226,12
6229,13
6230,14
6233,13
6234,14
6235,14
6237,13
6241,5
6242,13
6243,7
6244,10
6245,13
6246,13
6248,8
6250,11
6251,13
6252,12
6254,12
6255,10
6256,13
6257,12
6260,7
6261,14
6264,14
6266,12
6267,12
6268,7
6269,13
6273,13
6277,8
6278,12
6279,12
6281,13
6282,12
6283,12
6284,3
6285,11
6287,13
6288,12
6289,7
6292,10
6293,12
6294,13
6295,12
6296,13
6297,11
6298,13
6299,13
6300,13
6301,14
6303,13
6304,13
6306,13
6307,11
6309,5
6312,12
6313,12
6314,11
6315,12
6319,7
6321,14
6322,13
6323,12
6324,5
6326,12
6327,12
6328,10
6330,12
6331,14
6332,13
6333,12
6334,13
6335,12
6346,14
6347,14
6348,9
6349,12
6351,13
6354,14
6355,13
6356,14
6357,14
6359,12
6361,12
6362,14
6364,14
6365,11
6369,14
6370,9
6372,11
6373,9
6374,14
6375,14
6379,7
6386,14
6387,10
6390,14
6392,13
6393,6
6395,12
6396,14
6397,10
6398,14
6399,14
6400,14
6402,12
6403,12
6404,14
6405,12
6406,12
6407,13
6408,12
6409,13
6410,7
6411,12
6413,11
6414,14
6416,10
6418,13
6420,9
6421,14
6423,11
6424,11
6426,10
6427,7
6429,1
6430,12
6432,13
6434,12
6435,5
6437,7
6438,12
6439,12
6440,7
6441,6
6442,8
6443,11
6444,13
6445,14
6446,11
6448,12
6449,11
6451,11
6452,7
6454,9
6455,14
6456,7
6458,12
6459,7
6460,13
6461,13
6462,13
6463,13
6464,6
6465,13
6467,14
6470,7
6471,11
6472,12
6473,14
6474,11
6476,10
6477,11
6478,12
6479,12
6480,11
6482,11
6483,14
6485,12
6486,10
6489,12
6490,14
6491,12
6492,13
6494,14
6495,10
6496,14
6497,11
6498,12
6499,5
6500,12
6501,11
6502,9
6503,7
6505,14
6506,13
6507,13
6510,12
6511,13
6512,3
6513,5
6514,12
6515,12
6517,12
6518,12
6520,4
6521,13
6522,13
6523,13
6524,12
6528,12
6529,11
6530,7
6535,14
6537,14
6538,13
6539,12
6540,14
6541,14
6543,13
6544,12
6545,12
6547,12
6549,13
6551,12
6552,10
6553,9
6554,7
6557,12
6558,4
6559,6
6560,11
6563,12
6564,13
6565,13
6568,13
6569,10
6570,13
6572,14
6575,10
6576,10
6577,11
6578,14
6581,14
6582,10
6585,10
6588,11
6590,12
6591,12
6592,13
6593,10
6594,7
6595,12
6596,11
6597,10
6598,13
6599,14
6601,14
6602,13
6603,13
6604,14
6607,13
6608,6
6611,12
6613,14
6614,12
6615,13
6616,10
6617,14
6619,12
6621,6
6622,13
6623,14
6624,13
6625,13
6627,13
6628,13
6630,14
6631,13
6632,11
6637,12
6641,13
6642,14
6643,12
6644,6
6645,13
6646,13
6647,12
6648,10
6649,11
6655,11
6657,14
6658,14
6659,12
6660,12
6662,9
6663,7
6664,12
6665,12
6666,13
6667,7
6668,12
6669,11
6672,12
6673,7
6674,12
6675,5
6676,7
6677,11
6678,11
6680,6
6682,13
6683,13
6684,12
6686,11
6688,12
6689,13
6690,7
6691,12
6692,14
6694,13
6695,13
6696,14
6697,11
6698,8
6700,5
6702,8
6703,9
6704,14
6705,13
6706,6
6708,10
6710,11
6711,13
6712,14
6713,5
6715,10
6716,14
6718,7
6719,13
6720,9
6721,8
6722,13
6723,12
6725,11
6726,12
6727,12
6728,12
6729,5
6730,11
6731,13
6734,13
6735,12
6739,12
6740,12
6741,12
6743,12
6744,7
6745,12
6746,12
6747,13
6748,9
6749,12
6750,11
6752,13
6753,12
6754,14
6757,13
6758,14
6760,7
6761,12
6762,6
6763,12
6764,14
6765,13
6766,14
6767,13
6768,12
6770,14
6771,10
6772,14
6773,12
6774,12
6775,14
6776,5
6777,11
6778,14
6779,11
6780,12
6781,13
6782,12
6783,13
6784,12
6786,12
6791,5
6792,12
6794,6
6795,14
6797,13
6798,11
6799,13
6800,14
6801,11
6802,3
6803,14
6805,9
6806,14
6808,7
6809,9
6810,9
6811,8
6812,12
6814,13
6815,14
6816,14
6818,10
6819,11
6821,12
6823,10
6826,12
6828,13
6829,8
6830,7
6831,5
6833,11
6835,12
6836,12
6838,12
6839,14
6840,14
6842,6
6843,14
6844,14
6845,13
6846,9
6847,12
6848,10
6849,13
6850,7
6852,12
6853,11
6854,11
6855,13
6859,14
6860,14
6863,13
6865,13
6866,13
6867,11
6868,10
6869,11
6870,14
6871,14
6873,13
6874,6
6876,14
6877,13
6878,13
6880,13
6881,11
6882,12
6883,13
6884,13
6886,12
6888,14
6889,13
6891,13
6892,12
6893,14
6894,11
6895,13
6896,12
6898,6
6899,13
6903,11
6904,14
6905,4
6907,11
6908,8
6909,14
6910,7
6913,10
6914,12
6918,14
6921,4
6923,12
6924,14
6926,13
6927,13
6928,12
6929,14
6930,11
6931,11
6933,7
6934,13
6935,13
6936,11
6937,11
6938,8
6940,7
6941,12
6942,4
6943,14
6945,10
6946,11
6947,5
6948,14
6949,7
6950,13
6951,14
6952,14
6953,12
6954,13
6955,13
6958,13
6959,8
6960,13
6962,9
6963,11
6967,14
6968,14
6969,14
6970,12
6971,5
6972,12
6975,13
6976,7
6977,13
6978,14
6979,13
6981,12
6984,10
6985,11
6986,11
6990,7
6991,12
6993,6
6994,12
6995,12
6996,10
6997,13
6998,14
6999,12
7000,5
7001,14
7002,9
7003,14
7004,12
7005,13
7006,11
7007,9
7008,14
7009,13
7014,9
7018,6
7020,8
7021,14
7023,3
7024,12
7025,14
7026,14
7030,14
7031,12
7032,10
7034,13
7035,14
7036,13
7038,7
7039,12
7040,11
7043,10
7044,6
7045,14
7046,14
7047,5
7048,7
7050,13
7053,12
7055,14
7057,14
7058,11
7059,12
7061,11
7062,13
7064,12
7066,7
7068,12
7069,12
7070,14
7071,12
7072,14
7073,14
7075,13
7077,12
7078,13
7079,14
7080,7
7082,13
7083,13
7084,12
7086,14
7087,11
7088,12
7089,4
7090,14
7091,13
7092,14
7095,12
7097,5
7098,7
7099,12
7100,13
7102,12
7105,14
7106,6
7108,7
7109,14
7110,11
7111,2
7112,13
7115,12
7116,11
7117,7
7118,13
7119,5
7120,4
7121,12
7122,14
7123,10
7125,13
7126,12
7127,14
7128,12
7129,9
7130,6
7133,14
7134,13
7135,13
7136,10
7138,12
7141,14
7142,12
7143,13
7144,10
7145,14
7146,11
7147,12
7148,14
7150,14
7151,13
7152,8
7153,12
7154,12
7155,14
7158,12
7159,13
7160,6
7164,14
7166,4
7167,12
7168,12
7169,14
7171,12
7172,13
7173,10
7174,12
7175,8
7178,12
7179,14
7181,13
7182,6
7185,12
7187,3
7188,11
7189,14
7190,7
7194,9
7196,14
7197,14
7198,12
7200,6
7201,8
7202,5
7203,13
7205,9
7206,14
7207,12
7208,12
7210,13
7211,12
7212,14
7213,12
7215,13
7216,14
7218,9
7219,13
7220,8
7221,12
7222,12
7223,14
7224,12
7225,11
7226,4
7228,13
7229,14
7230,13
7231,12
7232,14
7233,12
7234,12
7235,12
7236,13
7239,11
7242,9
7243,8
7244,11
7248,12
7249,14
7250,14
7251,14
7252,11
7256,6
7257,13
7258,14
7259,14
7262,5
7263,13
7264,14
7265,12
7266,12
7269,13
7270,10
7272,14
7273,9
7274,14
7275,14
7276,13
7277,13
7278,12
7281,14
7282,11
7283,13
7284,12
7285,11
7288,13
7290,12
7294,14
7296,14
7297,12
7298,11
7301,10
7303,12
7304,14
7305,11
7306,12
7307,13
7312,10
7313,13
7314,10
7315,7
7317,7
7320,12
7322,13
7325,12
7328,11
7329,11
7330,12
7331,12
7332,7
7334,14
7335,14
7337,10
7338,10
7339,12
7340,12
7341,13
7342,14
7343,6
7344,12
7345,14
7347,11
7348,12
7349,9
7351,10
7352,13
7353,5
7354,12
7358,11
7359,13
7360,12
7361,13
7364,13
7365,12
7366,10
7368,14
7369,12
7371,12
7372,10
7373,14
7374,8
7375,13
7376,9
7379,11
7381,11
7385,13
7387,3
7388,3
7389,13
7391,3
7393,12
7395,14
7396,7
7397,13
7398,12
7401,9
7403,13
7405,10
7407,14
7408,12
7409,13
7412,12
7413,9
7415,5
7416,12
7418,13
7419,14
7420,14
7421,12
7425,14
7426,13
7428,9
7429,11
7430,10
7431,13
7432,13
7433,12
7434,12
7435,12
7438,13
7442,13
7444,14
7445,3
7448,12
7449,14
7450,11
7451,8
7452,13
7455,13
7457,14
7462,11
7464,14
7465,5
7467,7
7468,6
7469,11
7470,14
7471,9
7472,14
7474,14
7478,10
7480,12
7482,3
7483,14
7484,11
7485,13
7486,14
7487,14
7488,14
7489,12
7490,12
7491,14
7496,10
7497,11
7498,13
7499,7
7500,8
7501,13
7503,12
7504,12
7506,8
7507,11
7512,14
7513,12
7515,12
7516,11
7517,14
7519,12
7521,11
7522,11
7523,5
7525,14
7526,14
7528,12
7529,11
7530,12
7531,3
7533,14
7534,13
7535,10
7538,4
7539,12
7540,9
7541,12
7545,7
7546,9
7548,14
7550,7
7551,14
7552,10
7553,11
7556,14
7557,11
7559,12
7560,4
7561,10
7562,12
7563,12
7565,14
7567,13
7568,1
7569,12
7571,12
7572,13
7573,8
7574,7
7575,10
7576,12
7578,14
7579,13
7580,14
7581,14
7582,12
7583,12
7584,5
7585,13
7586,11
7587,13
7588,13
7591,13
7593,8
7594,13
7596,8
7598,12
7599,7
7600,10
7601,13
7604,11
7605,14
7606,12
7607,12
7613,12
7615,12
7617,12
7618,12
7619,12
7620,12
7625,13
7628,13
7629,14
7630,12
7632,13
7634,14
7635,5
7636,11
7637,10
7639,10
7640,7
7641,13
7642,12
7644,14
7645,12
7646,12
7647,12
7649,14
7650,12
7651,12
7652,14
7654,14
7655,13
7656,13
7657,9
7658,10
7659,6
7660,11
7662,14
7663,12
7665,13
7666,11
7669,12
7672,14
7673,14
7674,10
7675,11
7677,13
7678,13
7679,12
7680,12
7682,12
7683,12
7684,10
7685,14
7686,13
7687,12
7688,14
7692,6
7693,11
7695,6
7697,14
7699,12
7700,13
7701,13
7702,14
7703,6
7704,13
7705,13
7707,14
7708,5
7710,13
7711,11
7712,13
7713,13
7714,7
7715,13
7716,13
7717,13
7720,12
7721,14
7722,12
7723,12
7724,4
7726,6
7727,12
7728,11
7730,12
7731,14
7732,12
7733,13
7734,13
7736,13
7737,12
7738,14
7740,12
7741,11
7745,8
7746,12
7747,13
7748,14
7750,6
7752,12
7753,12
7754,6
7756,11
7757,9
7759,11
7760,13
7761,10
7762,9
7763,5
7765,11
7766,12
7767,13
7768,14
7771,11
7774,14
7776,10
7777,12
7778,11
7779,11
7782,13
7784,14
7787,5
7788,12
7789,8
7790,2
7792,14
7796,12
7797,9
7798,14
7799,10
7802,9
7804,11
7805,10
7806,13
7807,10
7808,9
7809,11
7810,7
7811,13
7812,8
7813,11
7818,6
7820,8
7822,13
7823,12
7825,13
7827,14
7830,12
7831,14
7832,11
7833,12
7834,12
7835,6
7838,12
7839,12
7840,12
7841,14
7842,14
7843,12
7844,11
7845,12
7846,12
7850,12
7851,12
7852,14
7853,12
7854,10
7855,11
7857,14
7862,11
7863,14
7864,12
7865,6
7866,10
7868,11
7869,13
7872,12
7873,5
7874,7
7876,12
7877,13
7878,12
7880,13
7881,12
7882,12
7883,13
7884,12
7885,14
7889,14
7891,13
7893,13
7894,14
7896,14
7897,12
7898,9
7899,12
7900,7
7905,14
7907,11
7908,14
7910,12
7912,6
7913,14
7915,12
7916,6
7917,13
7918,13
7919,13
7920,12
7921,9
7923,12
7924,11
7926,13
7927,13
7929,11
7930,13
7931,12
7932,7
7933,7
7934,12
7936,14
7938,14
7939,14
7943,13
7944,11
7946,12
7947,14
7949,12
7951,10
7954,14
7955,12
7958,12
7959,8
7960,14
7961,13
7963,1
7965,10
7966,12
7967,14
7968,12
7969,14
7972,14
7974,10
7975,12
7980,12
7981,14
7982,13
7983,13
7985,8
7986,13
7990,14
7991,12
7992,7
7993,4
7994,12
7995,13
7997,7
8000,14
8003,14
8004,14
8005,12
8006,13
8007,9
8008,13
8009,12
8010,11
8011,12
8014,14
8017,12
8018,12
8019,13
8020,13
8021,14
8022,12
8023,12
8024,13
8025,14
8026,12
8027,3
8030,12
8031,8
8033,12
8038,10
8039,7
8041,14
8042,12
8043,9
8044,12
8045,11
8046,11
8048,8
8049,12
8050,13
8052,11
8054,14
8057,5
8060,12
8061,6
8062,12
8064,13
8065,12
8066,13
8067,14
8069,14
8071,14
8072,14
8074,13
8076,14
8077,12
8078,9
8080,9
8081,13
8082,14
8083,13
8084,11
8085,12
8086,13
8088,10
8089,10
8090,13
8091,7
8092,12
8093,12
8094,7
8095,13
8096,2
8097,12
8098,10
8099,11
8100,12
8101,14
8102,13
8103,11
8104,7
8105,10
8107,3
8109,13
8110,11
8111,8
8112,10
8113,12
8114,11
8115,12
8116,14
8118,14
8119,13
8120,14
8121,14
8123,7
8124,13
8126,13
8129,9
8130,14
8131,14
8134,12
8135,12
8136,6
8137,12
8140,12
8141,1
8142,12
8145,10
8146,12
8147,9
8148,12
8149,13
8150,11
8153,14
8154,13
8156,7
8157,12
8159,10
8160,14
8161,13
8162,10
8163,12
8164,12
8165,12
8166,11
8167,10
8169,10
8170,13
8171,11
8172,12
8173,12
8177,13
8180,14
8181,14
8182,13
8185,9
8186,9
8188,13
8189,12
8190,11
8191,4
8192,11
8193,10
8194,12
8195,6
8196,8
8197,12
8199,13
8200,13
8201,9
8202,11
8203,3
8204,12
8206,10
8207,7
8211,13
8212,7
8216,12
8217,13
8219,3
8220,12
8224,13
8225,12
8226,13
8227,14
8229,5
8230,13
8231,13
8232,12
8234,10
8236,14
8239,6
8241,10
8243,12
8244,7
8245,12
8246,14
8247,9
8248,13
8249,10
8251,11
8252,14
8253,9
8254,11
8255,13
8257,11
8263,12
8266,12
8267,12
8268,13
8270,13
8271,14
8272,12
8273,11
8275,13
8276,13
8277,4
8278,12
8279,13
8282,14
8285,12
8286,14
8287,9
8289,12
8291,11
8292,13
8296,14
8297,12
8298,13
8300,11
8301,12
8302,11
8304,13
8305,12
8307,13
8309,11
8311,14
8312,8
8313,12
8314,12
8315,7
8317,14
8318,14
8319,14
8321,13
8322,13
8323,10
8324,11
8325,12
8326,14
8330,13
8331,13
8332,12
8333,14
8335,14
8337,14
8338,12
8339,13
8340,12
8341,10
8342,12
8343,12
8344,10
8345,14
8346,6
8347,11
8349,13
8350,7
8351,12
8352,5
8355,7
8357,11
8359,6
8361,14
8362,10
8363,14
8366,13
8368,6
8370,12
8372,12
8373,14
8375,11
8376,13
8377,14
8379,14
8382,7
8383,14
8385,12
8386,13
8388,13
8389,14
8390,10
8391,13
8393,14
8394,9
8395,12
8397,12
8398,10
8399,4
8400,11
8402,14
8403,14
8408,12
8409,13
8410,14
8411,7
8412,11
8413,13
8414,14
8415,12
8417,9
8419,7
8421,12
8423,12
8426,12
8427,5
8428,10
8429,9
8430,7
8431,13
8433,12
8434,14
8435,3
8438,13
8439,12
8441,12
8444,14
8447,8
8450,14
8454,10
8455,13
8456,13
8457,12
8461,10
8462,12
8463,13
8464,12
8466,14
8467,12
8468,9
8469,14
8470,12
8471,12
8472,14
8474,13
8478,12
8479,12
8480,13
8482,1
8483,9
8484,6
8485,14
8489,13
8492,13
8494,7
8495,12
8496,12
8497,10
8499,9
8500,12
8501,13
8502,13
8503,14
8506,14
8507,8
8508,9
8510,12
8511,9
8513,14
8515,4
8516,7
8517,14
8518,12
8520,13
8521,13
8522,12
8523,14
8524,13
8526,14
8527,6
8528,11
8531,11
8532,9
8534,8
8535,14
8536,11
8538,14
8539,8
8540,13
8541,12
8542,11
8543,14
8544,10
8545,12
8546,12
8547,12
8548,11
8550,13
8551,6
8552,13
8553,11
8554,8
8555,9
8556,14
8557,10
8558,12
8559,12
8560,14
8561,11
8563,12
8564,13
8566,12
8567,9
8569,14
8570,12
8571,14
8572,10
8573,13
8574,10
8575,13
8576,14
8577,13
8579,13
8580,12
8584,5
8586,13
8587,11
8591,12
8592,14
8594,14
8595,12
8597,13
8599,13
8602,12
8604,12
8605,14
8606,13
8607,13
8608,12
8609,14
8611,12
8612,12
8613,12
8614,13
8615,14
8618,12
8620,8
8621,13
8623,12
8624,12
8625,13
8627,13
8628,12
8630,14
8631,7
8632,10
8633,12
8634,7
8635,14
8636,11
8638,5
8639,12
8640,13
8643,14
8644,14
8647,14
8648,9
8650,8
8651,14
8652,12
8654,14
8655,12
8657,13
8658,2
8659,9
8660,12
8662,4
8663,11
8665,14
8666,12
8667,13
8668,13
8669,13
8672,12
8674,4
8678,12
8679,14
8680,13
8681,12
8682,12
8683,3
8684,14
8685,13
8688,13
8689,14
8691,14
8692,11
8700,14
8701,13
8703,14
8704,12
8705,12
8706,12
8707,13
8708,13
8709,12
8710,14
8711,4
8712,13
8713,14
8714,12
8719,13
8721,9
8723,13
8724,10
8725,13
8726,7
8727,12
8729,14
8730,14
8731,12
8732,11
8733,13
8734,13
8737,13
8738,10
8740,14
8743,13
8744,13
8746,14
8748,13
8750,11
8751,7
8753,13
8754,5
8759,12
8760,13
8762,11
8763,13
8764,13
8766,14
8768,12
8769,12
8770,12
8771,14
8777,13
8780,5
8782,14
8784,6
8785,14
8787,9
8789,3
8790,10
8791,13
8792,10
8793,13
8794,10
8795,13
8797,12
8798,6
8799,13
8801,12
8802,12
8803,11
8804,13
8805,14
8806,12
8807,10
8809,14
8811,12
8812,7
8813,12
8816,12
8817,12
8818,4
8819,14
8820,13
8823,12
8824,12
8826,11
8827,13
8829,13
8832,13
8833,9
8834,11
8835,12
8838,13
8839,12
8840,13
8842,13
8843,12
8845,11
8846,6
8847,14
8848,11
8849,4
8850,14
8851,5
8852,11
8854,11
8855,8
8856,12
8857,13
8859,5
8860,11
8861,14
8862,14
8863,12
8864,14
8865,13
8867,13
8868,13
8870,6
8871,13
8873,11
8874,7
8875,12
8876,12
8877,10
8878,14
8879,2
8880,11
8881,12
8882,6
8883,14
8884,12
8885,4
8886,14
8887,13
8889,14
8890,13
8891,13
8892,14
8895,14
8896,12
8897,13
8899,13
8901,10
8905,12
8906,12
8908,11
8910,14
8911,13
8912,9
8915,4
8916,13
8918,5
8919,13
8920,9
8921,12
8922,14
8923,14
8924,14
8925,11
8930,12
8931,13
8932,12
8933,11
8934,11
8935,12
8937,5
8938,14
8939,13
8942,12
8943,6
8944,12
8945,12
8946,13
8947,10
8951,12
8952,13
8954,12
8955,13
8956,13
8958,7
8959,13
8960,13
8962,9
8964,8
8966,14
8967,14
8968,7
8969,12
8970,13
8971,12
8973,13
8974,14
8975,11
8977,6
8978,14
8979,13
8980,13
8982,12
8983,9
8984,12
8986,6
8988,13
8992,12
8993,6
8996,13
8998,13
8999,7
9000,12
9001,12
9003,9
9005,12
9006,2
9007,13
9008,12
9013,14
9016,6
9017,14
9022,13
9024,12
9025,12
9026,14
9028,12
9029,14
9030,13
9031,11
9033,13
9035,12
9036,11
9037,12
9038,13
9039,13
9040,14
9041,14
9042,7
9043,3
9044,12
9045,12
9047,13
9048,12
9050,6
9052,13
9053,13
9055,14
9057,14
9058,5
9059,6
9060,6
9061,11
9064,13
9066,14
9067,5
9069,12
9070,12
9071,12
9072,14
9073,9
9074,11
9075,12
9077,14
9080,14
9081,12
9083,7
9085,5
9087,12
9088,11
9089,7
9090,12
9092,14
9093,12
9094,12
9095,12
9097,7
9098,14
9100,12
9101,14
9105,11
9108,13
9109,11
9112,13
9113,7
9120,13
9121,14
9122,7
9124,13
9125,14
9127,12
9128,11
9129,11
9130,13
9132,13
9134,14
9137,10
9138,14
9140,11
9143,10
9144,14
9145,12
9146,12
9147,14
9148,7
9149,12
9150,7
9151,14
9152,13
9154,7
9155,11
9156,13
9157,12
9158,14
9159,6
9161,13
9162,12
9163,13
9164,12
9166,12
9167,14
9168,12
9169,12
9170,14
9173,5
9174,11
9175,13
9176,14
9177,12
9178,14
9179,5
9180,4
9181,14
9182,12
9183,7
9184,6
9185,6
9188,9
9189,12
9191,13
9192,12
9194,9
9196,14
9197,11
9201,13
9202,12
9203,11
9204,14
9205,11
9206,14
9207,11
9208,14
9209,10
9212,12
9214,13
9216,13
9218,13
9221,10
9223,5
9225,7
9226,5
9227,7
9228,12
9230,13
9231,5
9232,10
9233,12
9234,13
9236,10
9240,14
9242,12
9243,14
9244,13
9245,14
9247,12
9248,9
9249,12
9250,14
9251,13
9252,4
9253,13
9254,11
9256,10
9258,12
9259,11
9260,14
9261,14
9262,13
9263,12
9264,4
9265,12
9266,11
9267,12
9268,13
9269,2
9270,7
9271,12
9273,11
9274,8
9277,7
9278,11
9279,12
9280,13
9281,12
9282,4
9283,12
9284,14
9285,11
9287,7
9288,13
9289,13
9290,13
9291,13
9293,14
9294,13
9295,5
9296,7
9297,14
9298,12
9299,9
9300,13
9302,14
9303,6
9304,13
9305,14
9306,12
9307,10
9308,12
9310,10
9311,13
9312,13
9314,12
9315,10
9316,12
9320,11
9321,12
9324,12
9325,9
9326,12
9327,11
9328,12
9331,12
9332,5
9333,10
9334,13
9335,7
9336,13
9338,14
9339,5
9341,14
9343,11
9344,10
9345,7
9346,14
9347,12
9350,14
9352,9
9353,13
9354,12
9355,13
9356,13
9357,13
9358,13
9359,13
9360,12
9362,12
9363,12
9364,12
9365,11
9366,12
9369,10
9371,12
9372,11
9373,14
9375,14
9376,13
9377,13
9378,12
9379,11
9380,12
9381,12
9382,10
9385,12
9386,10
9387,12
9388,10
9389,6
9391,12
9392,13
9394,7
9395,10
9397,7
9398,13
9400,14
9403,14
9404,12
9405,7
9406,13
9407,13
9409,9
9410,13
9411,13
9412,13
9413,14
9414,11
9416,13
9417,14
9419,7
9420,11
9421,12
9423,5
9428,13
9429,13
9431,13
9433,14
9434,11
9435,6
9436,13
9437,12
9438,12
9439,13
9440,11
9443,14
9446,14
9447,11
9450,7
9451,11
9452,14
9453,7
9455,11
9456,12
9459,7
9460,11
9461,13
9462,14
9465,10
9468,12
9469,10
9470,5
9471,12
9472,5
9473,12
9474,13
9475,14
9476,11
9477,4
9478,14
9479,13
9480,12
9481,14
9482,13
9484,14
9485,12
9487,12
9489,13
9490,8
9491,12
9492,11
9494,13
9495,12
9496,12
9497,14
9502,14
9503,12
9504,14
9505,11
9506,14
9507,10
9508,12
9509,12
9510,14
9512,12
9513,10
9516,4
9518,6
9519,12
9520,14
9521,12
9522,7
9523,10
9524,12
9526,8
9528,5
9532,12
9534,11
9535,11
9536,12
9537,10
9540,14
9544,7
9545,12
9546,13
9547,13
9548,11
9549,12
9550,10
9552,7
9553,14
9554,12
9555,4
9556,14
9557,10
9559,11
9560,13
9561,13
9563,9
9564,13
9565,11
9566,12
9570,11
9572,13
9574,9
9576,12
9581,5
9583,11
9584,14
9585,14
9587,13
9589,7
9591,14
9592,12
9594,10
9595,13
9596,4
9598,13
9599,13
9600,11
9602,12
9604,14
9607,8
9608,12
9609,10
9613,14
9614,13
9617,12
9618,12
9619,13
9620,14
9622,13
9623,13
9625,9
9626,12
9627,7
9629,10
9632,12
9633,11
9634,6
9635,14
9636,13
9637,10
9638,12
9640,13
9642,13
9644,12
9645,9
9646,12
9648,6
9649,6
9650,9
9652,12
9653,13
9656,6
9657,4
9658,14
9659,5
9660,13
9661,14
9663,11
9666,12
9667,13
9669,13
9671,12
9672,9
9673,7
9675,13
9676,7
9677,8
9678,12
9679,12
9680,14
9681,14
9683,9
9684,13
9685,14
9688,9
9689,13
9690,12
9691,14
9692,11
9693,12
9694,13
9696,11
9697,13
9698,11
9699,10
9702,14
9704,9
9707,12
9708,13
9710,14
9711,12
9712,11
9713,11
9714,12
9717,9
9718,14
9719,2
9724,9
9725,12
9726,7
9730,6
9732,14
9733,12
9734,5
9735,13
9736,12
9737,13
9739,12
9741,11
9742,14
9743,10
9745,14
9747,13
9748,12
9749,11
9750,13
9751,7
9753,13
9754,13
9755,12
9757,13
9758,13
9759,13
9761,12
9766,12
9767,12
9768,7
9769,12
9770,3
9771,14
9775,12
9776,14
9777,12
9780,12
9781,10
9782,13
9784,12
9785,6
9787,13
9788,13
9789,10
9791,6
9792,14
9793,14
9794,11
9796,14
9797,12
9798,10
9799,13
9801,7
9802,7
9803,13
9804,12
9805,12
9806,7
9807,14
9808,14
9809,13
9812,14
9813,13
9816,8
9817,13
9818,11
9823,12
9824,12
9825,12
9826,12
9827,10
9828,1
9829,14
9831,11
9832,11
9833,13
9834,9
9836,13
9837,12
9838,13
9840,10
9841,14
9842,13
9843,12
9846,12
9847,12
9849,13
9851,11
9852,11
9853,7
9855,12
9857,12
9858,7
9859,13
9861,10
9862,14
9863,12
9865,13
9866,12
9867,12
9868,11
9869,11
9870,14
9871,6
9874,13
9875,13
9877,13
9878,5
9879,14
9882,5
9883,6
9884,8
9885,11
9886,12
9887,11
9888,14
9889,7
9890,13
9891,13
9892,13
9893,13
9894,13
9898,7
9899,13
9900,6
9901,13
9903,11
9904,13
9906,13
9909,10
9911,14
9912,11
9916,12
9917,13
9918,12
9919,14
9920,13
9921,8
9923,12
9924,10
9929,13
9930,14
9931,12
9933,10
9936,4
9939,13
9941,12
9942,8
9943,12
9944,7
9945,13
9946,14
9947,13
9948,14
9949,11
9950,14
9951,12
9952,12
9954,13
9956,7
9957,14
9958,13
9959,12
9960,12
9961,8
9962,10
9964,9
9965,10
9966,12
9967,11
9968,11
9969,12
9970,10
9971,9
9972,14
9973,12
9977,12
9978,6
9979,13
9980,12
9981,8
9982,14
9983,13
9984,6
9985,10
9986,14
9987,12
9989,11
9991,14
9992,12
9994,12
9995,7
9996,14
9997,13
9999,13
10000,13
