random_ID,total_income_hhld_code
1,13
2,7
3,12
4,14
7,12
8,12
9,13
10,14
12,5
13,14
14,12
15,10
16,14
17,12
18,14
19,12
20,10
21,13
22,14
23,13
24,7
25,12
27,7
28,13
29,12
30,14
31,14
33,14
34,14
35,10
36,14
37,9
39,13
41,13
42,14
43,8
44,12
46,12
47,12
48,10
49,14
50,11
52,7
55,12
57,10
58,13
59,3
60,9
61,13
62,14
67,14
68,13
69,14
71,3
72,13
73,13
75,6
76,9
78,13
79,11
80,13
81,14
82,12
83,14
86,13
87,14
88,12
89,14
92,14
93,12
94,13
95,13
96,13
97,11
98,11
99,14
100,13
101,14
103,13
104,12
105,12
106,2
108,14
110,10
112,12
113,12
115,11
117,14
118,13
120,14
122,13
123,8
125,14
126,7
127,14
128,12
129,11
130,10
131,11
132,8
133,4
134,14
135,7
136,9
137,12
138,12
139,12
140,14
141,13
142,12
143,11
147,14
149,7
150,13
151,11
152,14
153,12
154,14
155,13
156,12
157,10
160,12
161,11
162,10
165,14
170,6
172,9
173,14
174,8
175,12
176,10
177,14
178,9
179,12
181,14
182,13
183,7
184,14
185,10
186,12
187,13
188,13
189,12
190,11
191,14
193,11
195,13
196,14
197,11
198,13
199,12
200,14
201,12
203,9
204,13
205,14
206,9
207,12
208,13
209,12
210,12
211,12
212,2
213,13
214,12
215,14
216,13
217,6
218,11
221,5
222,10
225,14
227,12
229,7
231,14
233,14
234,11
235,12
236,9
237,12
238,14
239,10
240,14
242,14
246,13
247,13
248,12
249,9
250,14
251,12
252,13
253,10
254,10
255,12
256,12
257,14
258,14
259,12
260,11
262,14
263,14
264,13
265,10
266,9
267,13
268,13
269,10
271,13
277,14
278,14
279,12
280,12
281,13
282,13
284,13
286,12
287,5
288,14
289,12
291,10
292,12
294,14
295,9
297,14
298,14
299,11
300,13
301,10
302,10
303,10
305,13
307,5
309,14
310,12
311,12
312,13
313,14
314,13
315,11
317,12
318,6
321,14
322,13
323,14
324,12
325,14
326,14
329,13
330,12
331,8
332,10
333,11
335,14
336,12
337,10
340,13
341,12
342,11
343,12
344,12
345,12
346,11
347,13
348,8
349,13
350,9
351,4
353,13
354,14
355,11
356,14
358,12
359,11
360,12
362,13
363,14
364,14
367,9
368,11
369,12
370,10
372,12
374,7
375,7
376,5
377,12
378,12
379,13
380,14
381,14
382,9
383,12
384,6
385,6
386,13
387,14
388,12
389,12
390,12
391,6
392,12
394,7
396,8
397,10
398,11
399,13
400,9
401,11
402,14
403,14
404,8
408,12
409,13
410,12
411,14
413,12
414,14
415,14
418,12
419,10
420,12
421,12
423,11
424,12
426,13
427,11
428,14
429,13
430,3
431,13
433,11
434,7
435,11
438,7
441,9
442,12
443,13
444,11
445,14
450,13
451,11
453,12
454,14
456,5
457,14
458,13
460,12
462,12
463,14
465,10
466,14
467,12
470,14
471,12
472,13
473,13
474,7
475,12
477,8
478,12
479,12
481,5
482,13
483,13
485,11
486,14
488,13
489,7
490,14
492,7
493,14
494,13
496,14
500,14
501,12
502,14
505,10
506,10
507,11
509,14
510,13
515,14
517,14
519,14
520,13
521,13
522,14
523,12
525,2
526,12
527,12
528,13
529,13
530,14
531,14
532,13
533,6
534,13
535,12
538,11
539,12
540,14
542,5
547,7
548,13
549,13
550,12
552,10
553,12
554,12
555,7
558,14
559,9
560,12
561,14
562,14
565,10
566,13
567,12
569,12
570,10
571,12
572,12
573,14
574,13
575,14
576,13
577,5
578,12
579,3
580,12
585,12
586,5
587,12
588,4
589,7
590,13
592,14
593,13
594,10
595,11
598,12
599,13
601,14
602,13
603,13
604,11
607,14
608,8
609,12
610,12
612,13
614,12
615,12
616,13
619,13
620,3
621,10
622,10
623,13
624,14
626,12
627,13
628,13
630,12
632,11
633,14
634,12
635,8
636,12
637,12
639,7
640,13
641,14
642,12
643,13
644,9
645,13
646,13
647,14
648,12
649,14
650,9
651,14
653,13
655,11
656,14
657,14
658,12
662,8
663,10
664,12
665,4
666,12
667,13
668,12
669,13
671,1
672,13
674,12
675,9
677,13
678,11
680,10
681,13
682,14
683,12
684,12
685,14
686,12
687,10
688,7
689,13
690,12
691,11
692,14
694,13
695,12
696,10
698,11
700,12
702,12
704,13
705,10
708,12
709,14
710,10
712,14
713,11
714,11
715,14
716,12
717,13
719,7
721,13
722,5
723,7
724,14
725,8
726,7
727,14
728,4
729,13
731,11
732,11
733,9
734,14
735,12
736,8
737,12
738,13
740,7
741,14
743,12
744,5
745,12
746,13
747,7
748,10
749,4
750,14
751,12
753,14
755,8
756,9
757,14
759,11
760,14
762,14
763,13
764,9
765,9
767,13
768,13
771,13
772,10
773,13
775,14
776,14
777,11
778,9
779,13
780,14
781,14
782,12
783,12
784,9
785,11
786,6
787,13
789,7
790,12
791,14
793,12
796,10
798,13
799,9
800,13
802,14
803,13
804,13
805,13
806,11
807,14
808,11
809,12
810,9
811,14
812,11
813,13
814,7
815,4
816,13
817,11
818,12
820,12
822,4
823,13
824,12
825,13
826,13
827,13
828,6
829,13
833,5
834,9
835,14
836,10
839,8
840,12
841,14
842,14
843,14
844,9
845,13
846,13
847,11
848,13
850,4
851,12
852,13
853,12
854,14
855,12
856,7
857,9
858,13
860,9
862,13
863,11
865,10
866,14
867,12
868,12
869,2
871,12
872,14
875,7
877,13
878,12
879,12
880,13
881,11
882,14
886,9
889,10
890,7
891,14
893,12
894,13
895,11
896,13
899,11
900,12
901,12
902,12
905,7
906,12
907,7
908,11
910,12
912,11
914,13
916,14
917,14
918,7
919,12
920,12
921,14
922,12
923,12
924,7
925,8
926,12
927,12
929,13
932,12
933,12
935,14
936,13
937,13
938,7
939,14
940,12
942,13
945,14
947,7
948,14
949,13
951,10
952,13
953,3
954,14
955,12
956,14
957,14
958,12
961,9
962,12
965,12
966,12
967,14
969,14
973,13
974,13
975,11
977,4
978,12
979,12
980,11
981,14
983,11
984,13
985,12
986,13
987,5
988,4
989,12
990,8
991,14
994,12
995,13
996,13
998,12
999,12
1000,11
1003,2
1004,14
1005,12
1006,14
1007,10
1008,11
1009,13
1010,14
1011,3
1012,12
1013,14
1014,13
1015,14
1016,13
1018,12
1019,14
1023,11
1024,14
1025,12
1026,12
1027,11
1028,7
1029,13
1030,12
1031,12
1032,8
1033,11
1034,13
1035,9
1037,12
1038,8
1039,14
1040,14
1041,9
1042,13
1043,13
1044,13
1045,7
1046,12
1047,13
1048,11
1049,12
1050,3
1054,9
1055,6
1056,14
1057,14
1058,13
1059,14
1060,14
1062,13
1063,12
1064,12
1066,12
1067,13
1069,13
1071,14
1072,11
1073,12
1074,13
1075,7
1076,11
1077,12
1079,12
1080,6
1081,13
1082,12
1084,14
1085,14
1088,12
1090,14
1091,13
1093,7
1094,13
1095,13
1096,7
1097,10
1098,13
1099,13
1100,13
1102,14
1103,14
1106,7
1108,6
1109,10
1110,3
1113,14
1115,13
1116,12
1117,10
1118,14
1119,14
1120,14
1121,14
1125,12
1127,14
1128,14
1131,13
1132,10
1134,12
1135,12
1136,12
1137,13
1138,13
1140,14
1142,7
1143,12
1144,8
1145,12
1146,12
1148,13
1149,12
1150,12
1151,14
1152,12
1153,14
1154,14
1156,14
1157,11
1159,14
1161,5
1163,6
1164,12
1165,14
1166,12
1167,11
1168,12
1169,12
1170,12
1171,12
1173,14
1174,7
1175,12
1176,14
1180,12
1181,11
1182,12
1184,5
1185,13
1190,13
1192,13
1193,13
1195,14
1197,9
1198,13
1199,14
1200,13
1202,13
1203,12
1204,14
1205,14
1206,14
1207,12
1208,14
1209,11
1210,13
1211,11
1212,7
1213,13
1215,7
1216,12
1218,10
1219,13
1220,11
1221,14
1223,14
1224,7
1227,13
1228,7
1229,9
1230,6
1232,14
1234,4
1235,14
1236,14
1237,12
1238,9
1239,5
1240,14
1241,7
1243,13
1245,11
1246,7
1247,7
1248,13
1250,14
1251,14
1253,14
1255,12
1256,12
1257,13
1258,14
1259,5
1261,8
1263,7
1264,13
1265,14
1266,7
1267,11
1268,10
1269,9
1272,13
1273,9
1274,13
1275,13
1276,10
1277,14
1278,14
1279,12
1283,10
1284,11
1286,13
1287,12
1288,9
1289,12
1290,12
1291,13
1292,12
1293,14
1294,1
1296,14
1297,7
1298,14
1299,8
1301,14
1302,12
1303,13
1304,6
1306,13
1307,6
1309,12
1310,13
1311,14
1313,13
1315,14
1316,11
1317,14
1318,13
1319,10
1320,12
1321,14
1322,13
1323,13
1324,12
1326,12
1328,12
1329,13
1330,13
1331,13
1332,12
1333,8
1334,5
1336,14
1337,6
1338,12
1339,8
1340,12
1341,13
1342,13
1343,13
1344,14
1345,13
1347,13
1348,13
1349,9
1350,13
1351,12
1352,13
1354,14
1356,11
1357,11
1358,14
1360,13
1362,8
1366,14
1367,13
1368,12
1370,9
1371,2
1372,13
1373,12
1374,12
1375,14
1376,14
1377,7
1378,12
1381,12
1382,13
1383,14
1384,12
1385,14
1386,8
1387,14
1388,14
1390,12
1391,14
1392,14
1393,9
1394,7
1395,12
1397,11
1398,14
1399,11
1400,13
1401,13
1403,13
1404,7
1406,10
1407,10
1408,10
1409,13
1410,13
1411,14
1412,12
1413,14
1414,5
1415,10
1416,12
1419,14
1421,13
1422,7
1423,13
1424,13
1425,3
1428,13
1430,13
1431,5
1432,13
1433,8
1434,14
1435,14
1436,11
1437,14
1438,11
1440,11
1444,12
1445,14
1446,14
1447,14
1448,11
1450,11
1451,12
1452,10
1453,14
1454,13
1455,3
1457,13
1458,13
1459,11
1460,14
1461,14
1462,13
1463,14
1464,13
1465,11
1466,13
1468,13
1469,10
1470,14
1471,13
1472,4
1474,13
1476,12
1477,4
1479,14
1480,10
1483,14
1484,13
1485,12
1486,12
1488,13
1489,13
1490,14
1491,13
1493,4
1494,12
1495,14
1496,12
1497,14
1498,6
1499,4
1501,13
1502,11
1505,11
1506,12
1507,13
1508,13
1509,14
1511,14
1512,12
1514,14
1515,11
1516,14
1517,13
1518,12
1519,11
1520,13
1521,5
1522,11
1524,12
1525,13
1526,14
1528,13
1530,14
1532,12
1533,7
1534,9
1535,13
1536,7
1537,12
1538,14
1539,12
1540,12
1542,11
1543,9
1544,14
1546,13
1548,14
1549,11
1550,7
1553,13
1554,14
1555,13
1558,8
1559,10
1560,14
1561,14
1562,12
1564,12
1568,14
1570,14
1575,9
1578,6
1579,13
1580,13
1581,12
1582,12
1583,7
1584,14
1586,11
1587,14
1588,8
1589,14
1591,13
1592,13
1593,14
1597,14
1598,9
1600,10
1601,7
1602,7
1603,13
1604,13
1605,5
1606,13
1609,11
1610,12
1611,4
1612,9
1613,13
1614,12
1616,12
1617,11
1618,12
1619,13
1620,11
1621,11
1622,13
1623,12
1624,10
1626,11
1628,6
1629,14
1630,12
1631,6
1633,14
1634,11
1635,8
1636,12
1637,13
1638,12
1639,14
1640,13
1641,12
1643,14
1644,12
1645,11
1646,14
1647,14
1648,13
1649,12
1651,14
1652,5
1653,6
1654,13
1656,13
1657,12
1658,9
1659,13
1660,14
1661,14
1662,13
1663,14
1664,12
1666,14
1667,12
1668,12
1670,14
1671,12
1673,12
1675,4
1677,13
1678,12
1679,9
1680,9
1681,7
1683,12
1684,10
1685,13
1686,12
1687,14
1689,9
1691,14
1692,12
1693,13
1694,14
1696,12
1697,9
1698,14
1700,14
1702,4
1703,11
1704,13
1705,12
1707,10
1710,8
1712,13
1713,13
1715,14
1717,12
1718,12
1720,12
1721,12
1723,8
1724,14
1725,11
1728,11
1730,13
1732,12
1734,8
1737,12
1738,13
1739,14
1740,13
1742,6
1743,13
1744,12
1745,13
1746,14
1747,13
1748,9
1749,14
1750,12
1754,14
1755,13
1756,7
1757,12
1758,7
1760,13
1761,14
1764,10
1765,12
1766,12
1767,3
1768,13
1770,12
1772,7
1774,13
1775,13
1776,4
1777,5
1778,12
1780,14
1781,10
1782,10
1783,14
1785,13
1786,7
1787,14
1788,10
1789,7
1790,10
1791,6
1792,6
1793,12
1794,14
1795,14
1796,14
1797,11
1798,14
1799,14
1802,7
1803,14
1804,12
1805,13
1806,7
1807,14
1808,14
1809,13
1811,13
1812,6
1815,14
1816,14
1817,12
1821,13
1822,5
1823,10
1824,8
1825,12
1826,13
1828,2
1829,14
1831,12
1832,14
1833,12
1835,14
1836,13
1838,3
1840,12
1841,13
1842,13
1843,12
1844,11
1845,11
1846,4
1847,11
1848,12
1849,14
1850,12
1851,12
1852,12
1853,3
1855,3
1857,10
1860,12
1861,14
1862,11
1863,10
1864,11
1865,10
1866,13
1867,12
1868,13
1869,10
1871,12
1872,9
1873,13
1874,7
1875,11
1876,7
1878,13
1880,14
1881,14
1882,12
1883,14
1884,11
1885,14
1886,12
1887,14
1888,13
1889,12
1890,12
1891,13
1894,12
1896,13
1897,13
1898,14
1899,11
1900,13
1901,7
1902,13
1903,9
1905,11
1906,14
1908,12
1909,12
1910,14
1911,8
1912,12
1913,14
1914,13
1915,14
1918,14
1919,12
1921,7
1922,8
1923,12
1924,14
1925,13
1927,12
1928,13
1929,13
1930,10
1931,13
1934,9
1935,14
1936,14
1938,14
1939,5
1940,13
1941,13
1942,12
1946,14
1947,12
1948,12
1950,13
1951,7
1953,11
1955,12
1958,14
1960,14
1963,9
1965,14
1966,14
1968,13
1969,10
1970,13
1971,13
1973,14
1974,10
1976,12
1978,13
1979,9
1980,7
1981,13
1982,11
1983,12
1984,12
1985,6
1987,12
1988,11
1991,12
1993,14
1994,11
1995,14
1996,12
1997,12
1998,10
1999,6
2001,7
2002,10
2003,12
2004,14
2005,14
2007,14
2009,10
2010,14
2012,14
2013,14
2015,13
2017,13
2018,10
2019,14
2021,7
2022,14
2023,10
2024,11
2025,14
2026,12
2027,11
2028,13
2030,13
2031,8
2032,14
2033,13
2034,13
2035,14
2037,12
2038,12
2039,12
2041,13
2042,5
2043,14
2044,12
2045,14
2048,14
2049,12
2050,13
2051,12
2053,10
2054,13
2057,14
2059,6
2060,7
2061,13
2062,7
2063,14
2065,14
2067,13
2069,13
2071,12
2072,14
2073,13
2076,13
2078,6
2079,14
2080,14
2081,11
2083,12
2085,13
2086,12
2089,7
2090,10
2091,14
2092,13
2094,11
2095,12
2096,14
2099,13
2100,10
2101,13
2102,8
2103,5
2104,14
2105,13
2106,13
2107,14
2108,13
2110,14
2111,14
2112,14
2113,12
2114,14
2117,12
2118,12
2119,5
2120,12
2121,12
2122,11
2123,14
2124,12
2125,12
2126,13
2127,13
2128,14
2129,10
2130,12
2131,12
2132,14
2133,6
2134,11
2135,6
2136,13
2137,13
2138,14
2139,13
2140,13
2142,9
2144,13
2146,12
2148,14
2150,12
2152,13
2153,10
2154,14
2155,14
2156,13
2157,13
2158,12
2159,14
2160,11
2161,11
2164,14
2166,14
2167,13
2168,10
2169,13
2170,7
2171,14
2172,12
2175,11
2176,13
2177,6
2178,12
2179,11
2180,10
2182,9
2183,11
2185,14
2187,10
2189,12
2190,12
2191,10
2192,13
2193,14
2195,6
2196,14
2197,12
2198,8
2199,13
2200,12
2201,14
2202,8
2204,11
2206,13
2208,10
2209,13
2210,11
2211,11
2213,14
2214,12
2215,10
2217,13
2219,14
2220,4
2221,14
2222,12
2223,8
2226,5
2227,13
2229,12
2230,12
2231,5
2232,13
2233,13
2234,12
2235,6
2237,12
2238,3
2239,12
2241,14
2242,14
2243,14
2244,12
2245,8
2246,6
2247,10
2248,14
2249,12
2251,5
2252,11
2253,13
2255,14
2257,3
2258,5
2259,12
2261,14
2263,11
2264,14
2265,9
2267,13
2270,12
2272,14
2273,14
2274,12
2275,12
2277,9
2278,11
2279,10
2280,14
2281,14
2282,7
2284,7
2287,14
2288,12
2289,12
2290,10
2293,14
2294,12
2295,14
2296,12
2297,13
2298,11
2299,13
2300,11
2301,11
2302,9
2303,6
2304,12
2305,1
2306,12
2307,7
2308,13
2309,8
2310,9
2311,13
2312,13
2313,13
2314,7
2315,13
2316,11
2317,10
2319,13
2320,14
2322,12
2323,9
2324,12
2325,12
2326,12
2327,11
2328,12
2331,13
2332,14
2333,9
2335,14
2336,14
2337,12
2338,4
2339,9
2341,13
2342,10
2344,12
2346,12
2348,14
2349,7
2350,12
2351,12
2353,13
2354,12
2355,11
2356,13
2357,11
2358,14
2359,14
2361,14
2362,14
2363,14
2365,14
2366,13
2367,14
2369,10
2370,14
2371,13
2372,13
2373,12
2374,13
2377,12
2378,4
2379,12
2380,13
2381,14
2382,14
2384,13
2385,12
2386,14
2388,13
2389,5
2390,14
2392,10
2393,12
2395,14
2398,14
2400,13
2401,13
2402,14
2403,14
2406,6
2408,5
2409,13
2410,12
2411,12
2412,14
2413,12
2414,7
2415,14
2417,14
2419,8
2420,14
2421,6
2422,14
2423,14
2425,12
2426,12
2428,12
2430,14
2431,12
2432,13
2433,13
2435,14
2436,14
2437,11
2438,12
2439,13
2440,14
2441,9
2442,10
2444,13
2445,14
2447,10
2448,12
2449,13
2450,5
2451,5
2453,12
2454,14
2455,14
2456,9
2457,6
2458,10
2460,9
2462,13
2463,14
2464,12
2465,11
2467,12
2468,5
2469,12
2470,13
2471,10
2472,11
2473,14
2474,12
2475,10
2477,13
2478,13
2479,13
2480,11
2481,12
2482,11
2483,14
2484,14
2485,13
2486,12
2487,11
2490,13
2491,13
2492,11
2494,14
2495,13
2496,7
2497,9
2498,12
2499,12
2500,12
2501,14
2502,14
2503,4
2504,13
2505,12
2507,14
2508,13
2509,14
2511,14
2512,13
2513,14
2514,4
2515,13
2517,13
2518,13
2520,12
2521,12
2524,10
2525,13
2526,7
2527,13
2529,7
2530,12
2532,7
2533,13
2535,12
2537,13
2541,14
2543,13
2544,14
2546,12
2549,14
2550,12
2551,12
2552,12
2553,12
2554,14
2555,8
2556,12
2557,12
2558,12
2560,5
2561,14
2562,14
2564,11
2565,13
2566,13
2567,9
2568,9
2570,5
2572,13
2574,4
2575,12
2579,8
2580,10
2581,14
2582,5
2583,8
2584,6
2586,13
2587,7
2588,7
2589,13
2590,12
2591,14
2592,11
2593,12
2594,14
2596,12
2597,13
2598,14
2599,13
2601,12
2602,13
2603,13
2604,6
2605,9
2607,11
2608,14
2609,11
2611,14
2612,12
2613,9
2614,12
2616,13
2617,12
2618,12
2619,12
2620,12
2621,12
2623,13
2625,9
2626,13
2627,14
2628,14
2631,14
2633,7
2635,13
2637,14
2638,7
2639,12
2640,6
2641,7
2642,12
2644,12
2645,8
2646,9
2647,14
2648,12
2649,11
2650,14
2651,14
2652,13
2654,12
2655,11
2656,12
2657,8
2658,6
2659,11
2660,14
2661,12
2662,1
2664,12
2665,13
2666,13
2667,12
2668,10
2669,2
2670,13
2671,12
2672,11
2673,13
2674,12
2675,13
2676,14
2677,8
2678,14
2679,12
2680,12
2681,13
2682,14
2684,13
2685,5
2686,14
2687,7
2688,14
2689,14
2691,12
2693,14
2694,13
2695,7
2696,11
2697,12
2698,13
2700,10
2701,13
2702,14
2704,13
2705,14
2706,14
2707,12
2708,7
2709,6
2710,13
2711,13
2712,13
2713,12
2716,6
2717,12
2718,11
2719,7
2720,14
2721,12
2722,13
2723,14
2724,13
2725,10
2726,12
2727,10
2728,13
2729,14
2730,10
2733,10
2734,11
2735,13
2738,14
2739,11
2740,13
2741,9
2743,8
2744,5
2745,14
2746,5
2749,13
2750,10
2753,6
2756,11
2760,12
2762,13
2763,7
2764,13
2765,12
2766,14
2767,13
2768,13
2769,11
2771,13
2772,14
2773,12
2775,13
2776,13
2777,11
2778,10
2779,12
2780,6
2782,11
2783,13
2785,12
2787,12
2788,13
2789,12
2790,14
2791,9
2792,9
2794,12
2795,13
2796,7
2798,14
2799,14
2800,11
2801,11
2802,13
2803,14
2804,6
2805,14
2806,14
2809,12
2811,12
2813,14
2814,13
2815,6
2816,12
2817,12
2818,12
2819,14
2821,11
2822,7
2824,12
2825,5
2826,14
2827,13
2828,13
2830,14
2831,13
2832,12
2833,8
2835,13
2836,14
2838,14
2840,11
2841,14
2842,13
2844,12
2845,13
2846,7
2848,4
2849,13
2850,11
2851,14
2852,14
2853,14
2854,13
2855,6
2858,14
2859,14
2860,14
2861,11
2862,13
2863,14
2864,14
2867,14
2868,12
2869,14
2870,13
2871,9
2872,7
2873,12
2874,12
2875,6
2876,11
2877,13
2880,10
2881,12
2882,14
2883,12
2884,6
2885,13
2887,11
2888,13
2889,13
2890,14
2891,14
2892,3
2894,14
2895,12
2896,12
2898,14
2899,13
2900,8
2901,10
2902,14
2903,7
2904,14
2906,12
2907,14
2908,13
2909,13
2910,13
2912,12
2913,11
2914,14
2915,13
2916,12
2917,1
2918,3
2920,14
2921,13
2923,7
2924,8
2926,12
2927,14
2928,9
2929,12
2930,13
2932,11
2933,9
2934,7
2935,13
2936,14
2937,11
2938,14
2941,7
2944,12
2945,13
2946,3
2947,13
2948,14
2949,10
2951,11
2955,13
2956,12
2957,12
2958,14
2959,13
2960,14
2961,13
2962,11
2965,12
2967,10
2968,12
2969,12
2971,14
2975,14
2976,12
2977,11
2978,12
2979,13
2980,14
2981,13
2982,14
2983,12
2984,6
2985,13
2986,14
2987,14
2988,12
2989,13
2990,14
2992,14
2993,12
2994,12
2995,14
2997,10
2998,11
2999,12
3000,12
3001,7
3002,14
3003,14
3004,5
3005,13
3007,1
3008,14
3010,13
3011,13
3012,13
3013,10
3015,14
3016,13
3017,13
3018,12
3019,12
3020,14
3021,12
3022,13
3023,14
3024,12
3026,7
3028,13
3029,7
3030,4
3031,13
3032,14
3034,3
3035,11
3036,12
3037,13
3038,14
3039,12
3040,14
3041,11
3046,5
3047,12
3048,13
3049,8
3050,13
3051,13
3052,10
3053,12
3055,12
3056,9
3057,9
3058,14
3059,11
3060,14
3061,14
3062,14
3063,11
3065,13
3067,14
3069,14
3070,11
3071,10
3072,9
3073,14
3074,7
3076,13
3077,14
3078,13
3079,12
3080,11
3081,5
3083,13
3084,10
3085,12
3086,11
3087,12
3088,13
3092,12
3093,14
3095,8
3097,12
3098,12
3099,12
3100,13
3102,14
3103,14
3104,10
3105,13
3106,12
3108,13
3109,13
3110,8
3111,11
3113,12
3114,10
3115,11
3116,14
3117,5
3118,13
3119,12
3120,12
3122,11
3124,7
3125,13
3126,13
3127,12
3128,10
3129,12
3132,12
3133,11
3134,14
3137,14
3138,12
3139,7
3140,13
3142,14
3145,13
3146,14
3147,14
3148,14
3150,14
3151,7
3152,12
3153,10
3154,12
3155,14
3156,5
3157,12
3159,14
3160,13
3161,14
3162,6
3163,9
3166,7
3167,11
3168,14
3169,2
3170,12
3171,8
3172,12
3173,13
3174,14
3175,14
3176,13
3177,11
3178,10
3179,10
3181,4
3182,12
3183,12
3184,13
3185,14
3188,14
3189,14
3190,7
3191,3
3192,14
3193,8
3194,10
3195,13
3196,14
3197,12
3198,12
3200,12
3201,13
3202,12
3203,13
3204,12
3205,12
3206,13
3207,12
3209,12
3210,13
3211,14
3212,14
3213,13
3214,14
3215,10
3216,5
3217,13
3219,6
3220,11
3221,14
3222,11
3223,14
3224,12
3225,4
3226,14
3228,14
3229,12
3230,12
3233,14
3234,12
3235,14
3236,11
3237,11
3238,2
3239,12
3240,10
3242,6
3243,14
3244,12
3245,14
3246,14
3247,12
3248,13
3249,14
3250,8
3251,6
3252,7
3253,12
3254,10
3256,6
3257,14
3259,12
3261,2
3263,13
3264,11
3265,9
3266,10
3267,13
3268,14
3270,14
3271,13
3273,12
3274,13
3275,11
3276,12
3277,14
3278,14
3279,14
3280,14
3281,7
3282,9
3283,12
3284,13
3285,14
3286,14
3288,12
3289,14
3291,13
3292,12
3295,14
3296,12
3297,12
3298,11
3300,12
3301,11
3303,13
3305,13
3307,12
3308,13
3309,13
3310,14
3311,14
3312,14
3313,14
3314,12
3315,13
3316,14
3320,13
3321,14
3322,14
3323,12
3325,8
3326,14
3327,12
3329,12
3330,13
3333,13
3334,12
3336,13
3338,12
3339,14
3340,13
3341,8
3343,14
3344,9
3345,12
3346,10
3348,14
3349,11
3350,12
3351,13
3352,14
3353,12
3355,10
3356,13
3357,12
3358,12
3359,10
3361,12
3364,14
3365,11
3366,10
3367,13
3368,14
3371,12
3373,7
3374,7
3375,14
3376,11
3377,13
3378,12
3379,12
3380,13
3381,14
3382,14
3385,11
3386,7
3387,7
3388,13
3389,8
3393,13
3395,14
3396,14
3397,12
3398,14
3399,10
3400,13
3401,9
3403,13
3404,11
3407,8
3408,12
3410,13
3411,13
3412,12
3413,13
3414,11
3415,1
3418,13
3419,12
3420,13
3422,13
3423,7
3424,14
3425,7
3426,14
3427,14
3429,14
3430,13
3431,14
3432,12
3435,3
3436,11
3438,13
3440,13
3441,14
3442,13
3444,12
3446,13
3447,14
3448,13
3449,8
3450,14
3451,11
3453,10
3454,7
3455,10
3456,13
3457,13
3458,14
3460,14
3464,13
3465,12
3466,14
3467,13
3468,11
3469,12
3470,14
3472,11
3475,12
3476,14
3478,7
3479,14
3480,14
3482,9
3484,13
3487,14
3489,13
3490,12
3491,14
3492,13
3493,14
3494,10
3495,7
3496,14
3497,7
3498,12
3500,14
3501,13
3504,11
3506,5
3507,14
3508,13
3509,14
3510,13
3511,14
3512,1
3513,12
3514,11
3515,14
3516,13
3518,14
3520,13
3521,13
3522,12
3523,5
3524,13
3525,13
3527,2
3528,6
3529,12
3530,12
3531,7
3532,14
3533,12
3535,13
3536,12
3537,13
3538,14
3539,14
3540,13
3541,11
3542,14
3543,14
3545,13
3549,12
3550,10
3552,13
3553,5
3554,13
3555,11
3557,12
3558,12
3559,12
3560,12
3561,10
3562,14
3563,10
3564,8
3565,12
3566,12
3567,14
3569,11
3572,14
3574,10
3576,12
3578,10
3579,13
3580,5
3581,12
3582,13
3584,14
3585,14
3586,3
3588,14
3589,3
3590,11
3591,4
3595,14
3596,11
3597,12
3598,10
3601,6
3604,6
3605,8
3608,6
3609,14
3610,13
3611,14
3612,14
3613,13
3615,14
3616,14
3617,13
3619,12
3620,12
3621,13
3622,12
3624,12
3625,14
3626,13
3628,10
3629,13
3630,14
3631,14
3632,9
3634,14
3635,13
3638,11
3640,14
3641,12
3642,12
3643,12
3644,14
3645,14
3647,12
3649,4
3650,13
3651,14
3652,10
3654,14
3655,14
3657,14
3658,11
3659,14
3660,12
3662,13
3663,13
3664,12
3665,7
3666,12
3668,13
3669,13
3670,13
3671,12
3672,14
3674,14
3675,11
3677,12
3679,13
3681,12
3682,7
3683,13
3686,11
3687,14
3688,13
3689,11
3690,12
3691,12
3692,13
3693,13
3695,10
3696,12
3697,12
3699,12
3700,13
3702,13
3703,13
3704,12
3705,13
3706,14
3707,13
3709,9
3710,11
3711,11
3712,12
3713,12
3714,12
3715,13
3716,12
3717,11
3718,6
3721,5
3722,14
3723,11
3724,14
3725,12
3726,14
3728,12
3730,14
3731,13
3732,13
3733,14
3735,13
3736,13
3737,14
3738,9
3739,14
3740,7
3741,13
3743,13
3745,14
3746,14
3747,11
3749,12
3750,12
3751,14
3752,5
3754,14
3755,12
3756,10
3758,12
3759,12
3762,11
3764,14
3766,13
3767,14
3768,12
3769,5
3770,12
3772,12
3773,14
3774,6
3775,14
3776,13
3777,14
3778,13
3780,11
3782,11
3783,10
3784,9
3785,12
3786,11
3788,14
3789,4
3790,12
3791,12
3792,14
3793,13
3794,14
3795,8
3796,10
3797,7
3798,12
3799,14
3800,7
3801,5
3803,14
3805,14
3806,12
3807,14
3808,12
3809,13
3810,14
3812,14
3813,12
3814,14
3815,12
3818,14
3819,12
3820,7
3821,10
3822,8
3823,14
3824,13
3826,13
3827,13
3828,14
3829,5
3830,12
3832,13
3833,13
3834,12
3835,13
3836,12
3837,13
3838,6
3839,12
3840,12
3841,12
3842,11
3843,12
3844,14
3845,13
3846,12
3848,12
3849,13
3850,13
3851,6
3852,11
3854,14
3856,11
3857,10
3859,14
3860,14
3862,5
3864,6
3865,12
3866,12
3867,14
3868,10
3869,11
3870,14
3872,14
3873,11
3874,13
3875,7
3877,10
3878,14
3879,12
3880,14
3882,14
3884,12
3886,14
3887,14
3888,12
3891,12
3892,11
3893,12
3894,8
3895,12
3896,14
3897,13
3900,13
3901,13
3903,10
3905,14
3906,12
3907,12
3908,14
3909,12
3910,12
3912,12
3913,13
3914,7
3916,12
3919,13
3920,13
3921,13
3922,12
3923,11
3924,4
3927,12
3928,14
3929,11
3930,12
3932,11
3934,10
3935,14
3936,14
3937,13
3938,13
3939,13
3940,4
3941,7
3942,12
3943,14
3944,10
3945,14
3946,8
3947,14
3948,12
3950,4
3951,6
3952,13
3953,7
3954,13
3955,12
3956,14
3957,12
3958,14
3959,12
3960,13
3961,7
3962,7
3964,14
3965,14
3968,14
3969,14
3970,12
3971,14
3972,12
3973,6
3974,13
3975,5
3976,14
3977,14
3978,14
3980,12
3981,14
3982,12
3983,13
3984,12
3985,14
3986,7
3987,12
3988,12
3989,13
3990,6
3991,14
3992,14
3995,12
3997,12
3998,12
3999,14
4000,12
4002,12
4004,6
4005,13
4006,13
4007,12
4008,13
4009,13
4012,13
4013,14
4014,13
4016,14
4017,14
4019,12
4020,14
4021,13
4022,13
4023,13
4024,14
4025,12
4026,12
4027,14
4028,12
4029,12
4030,13
4032,14
4034,14
4035,14
4036,12
4037,13
4038,6
4040,12
4041,11
4042,13
4043,12
4044,12
4045,7
4046,12
4048,14
4049,14
4051,12
4052,13
4053,12
4054,12
4055,14
4056,12
4057,5
4058,12
4059,13
4060,13
4061,13
4062,6
4063,13
4064,12
4065,13
4066,14
4067,14
4068,14
4069,10
4070,14
4071,14
4073,12
4074,12
4075,14
4076,14
4077,14
4079,7
4080,12
4081,14
4082,14
4083,13
4084,14
4085,12
4086,14
4087,13
4088,7
4090,12
4091,11
4092,13
4093,7
4094,10
4095,13
4096,12
4097,13
4098,12
4099,14
4100,12
4101,12
4103,14
4104,13
4106,7
4108,7
4110,14
4112,14
4115,13
4116,13
4117,13
4118,14
4119,13
4123,14
4125,11
4126,7
4127,12
4130,11
4131,13
4132,13
4133,12
4134,7
4135,14
4136,12
4137,13
4138,12
4139,13
4140,12
4141,12
4142,14
4144,14
4145,13
4146,12
4148,14
4149,14
4150,13
4152,12
4153,14
4155,14
4156,14
4157,14
4158,14
4160,13
4161,14
4162,14
4164,12
4165,7
4166,14
4167,7
4169,12
4170,7
4171,11
4172,12
4173,12
4174,14
4175,12
4176,5
4178,13
4181,12
4182,14
4183,7
4184,14
4185,12
4187,12
4188,12
4189,8
4191,12
4192,12
4194,14
4195,14
4196,12
4198,12
4200,14
4201,13
4203,7
4205,13
4206,14
4207,13
4208,6
4209,12
4210,14
4211,13
4212,14
4214,12
4215,13
4216,14
4217,13
4218,14
4219,12
4220,14
4221,7
4222,11
4223,11
4224,12
4225,7
4226,12
4227,12
4228,13
4229,12
4230,14
4231,14
4233,5
4235,10
4236,14
4237,12
4239,14
4241,13
4242,12
4243,14
4244,13
4245,14
4247,12
4249,14
4250,13
4251,12
4252,14
4253,12
4254,14
4256,6
4257,12
4258,7
4259,12
4260,12
4262,11
4264,12
4265,7
4267,13
4268,8
4269,5
4270,7
4271,14
4272,12
4273,12
4274,12
4275,12
4276,7
4277,13
4279,12
4280,12
4281,13
4282,14
4283,7
4284,12
4286,12
4287,14
4288,12
4290,10
4292,12
4293,12
4294,13
4295,14
4296,14
4298,6
4299,14
4300,14
4301,12
4302,12
4303,12
4304,12
4305,14
4306,12
4308,14
4309,14
4310,14
4311,7
4312,6
4314,14
4315,7
4316,12
4317,14
4318,12
4319,14
4320,13
4321,13
4322,7
4323,14
4324,14
4326,12
4327,14
4329,14
4331,12
4334,7
4335,14
4337,13
4338,14
4339,14
4340,13
4342,14
4343,13
4344,7
4345,13
4346,14
4347,12
4349,12
4350,14
4351,13
4352,9
4353,12
4355,13
4356,12
4358,5
4359,13
4360,14
4361,12
4362,12
4363,7
4364,14
4366,7
4367,14
4368,14
4369,14
4371,13
4373,7
4376,14
4377,6
4378,12
4379,7
4381,12
4382,14
4383,12
4384,13
4385,12
4387,11
4388,14
4390,11
4391,14
4392,12
4393,12
4394,14
4395,7
4396,13
4397,14
4398,12
4400,13
4401,14
4402,9
4403,12
4406,12
4407,13
4408,12
4409,13
4410,11
4411,13
4412,13
4413,13
4414,14
4415,5
4416,13
4417,14
4418,14
4419,14
4420,13
4421,14
4422,13
4423,13
4424,12
4428,13
4429,14
4430,7
4431,13
4432,13
4433,12
4434,14
4435,12
4436,12
4439,14
4440,12
4441,13
4442,12
4443,4
4444,14
4446,7
4448,13
4449,14
4450,13
4451,12
4452,13
4453,10
4454,13
4456,13
4457,12
4458,14
4459,13
4460,12
4461,13
4462,12
4466,12
4467,14
4469,12
4471,13
4472,8
4473,13
4474,14
4475,14
4478,8
4479,12
4480,12
4481,12
4483,12
4484,13
4485,13
4486,13
4487,12
4488,11
4489,14
4490,14
4492,14
4493,12
4494,7
4495,12
4496,6
4497,13
4499,13
4500,11
4501,12
4502,5
4503,12
4504,12
4505,12
4506,14
4507,13
4508,12
4509,11
4510,13
4513,14
4514,14
4515,12
4517,14
4518,14
4519,13
4520,14
4521,12
4522,7
4523,12
4524,13
4525,14
4526,12
4527,12
4528,10
4529,13
4530,14
4532,14
4533,13
4534,14
4536,12
4537,14
4538,5
4539,13
4540,12
4541,13
4543,14
4544,12
4545,12
4546,14
4547,12
4548,6
4549,14
4550,14
4551,13
4552,12
4553,12
4554,14
4555,12
4556,9
4557,12
4558,13
4559,13
4560,14
4561,12
4562,12
4563,14
4564,12
4565,7
4566,13
4567,13
4568,8
4569,12
4570,12
4571,14
4572,14
4573,12
4575,13
4576,5
4577,12
4579,14
4580,14
4581,14
4582,14
4583,12
4584,13
4585,14
4586,13
4587,12
4588,14
4589,12
4590,13
4591,10
4593,12
4594,13
4595,12
4597,7
4598,13
4600,7
4601,7
4602,10
4603,5
4604,14
4605,14
4607,14
4608,7
4612,14
4614,9
4615,5
4617,7
4618,12
4619,12
4620,14
4621,14
4622,8
4623,12
4624,12
4627,14
4628,5
4629,5
4633,14
4634,13
4635,11
4637,14
4638,13
4640,14
4642,14
4643,13
4645,14
4646,7
4648,14
4649,7
4650,12
4651,12
4652,12
4654,11
4655,14
4656,12
4657,14
4658,14
4659,10
4660,12
4661,11
4662,13
4665,14
4666,6
4667,12
4668,7
4669,12
4670,14
4671,12
4672,6
4673,14
4674,13
4675,14
4676,11
4677,12
4678,12
4679,13
4680,14
4681,14
4682,13
4683,12
4684,12
4685,14
4686,14
4687,14
4689,12
4690,14
4691,13
4692,12
4694,12
4695,12
4697,13
4698,14
4699,13
4701,12
4703,13
4706,12
4707,14
4708,12
4710,13
4711,13
4712,12
4713,13
4714,13
4717,12
4719,13
4720,12
4721,13
4722,14
4723,14
4724,12
4726,11
4727,11
4728,13
4729,12
4730,12
4731,14
4733,13
4734,14
4735,11
4736,13
4738,12
4739,7
4740,7
4741,13
4742,13
4743,14
4745,12
4746,13
4747,11
4748,12
4749,11
4750,12
4751,13
4752,12
4753,14
4754,13
4756,14
4757,7
4758,14
4759,7
4760,14
4761,13
4763,14
4765,13
4766,14
4767,12
4768,12
4769,13
4770,12
4774,14
4775,13
4776,12
4781,12
4782,7
4783,12
4784,13
4785,5
4786,13
4787,12
4788,13
4789,12
4792,14
4794,13
4795,14
4797,5
4798,12
4800,12
4802,11
4803,12
4804,14
4805,14
4806,12
4808,13
4809,13
4810,13
4811,13
4812,14
4813,14
4815,12
4816,5
4817,7
4818,10
4819,13
4820,13
4821,14
4823,13
4824,14
4825,12
4826,14
4827,13
4828,14
4829,6
4830,14
4831,12
4833,12
4834,14
4835,12
4836,13
4837,13
4838,12
4839,7
4840,12
4842,14
4843,13
4846,14
4847,14
4848,10
4849,13
4850,12
4851,14
4852,14
4854,14
4855,12
4856,13
4857,12
4860,11
4862,13
4863,12
4864,14
4867,4
4868,14
4869,13
4873,14
4874,7
4875,14
4876,14
4878,13
4881,12
4882,13
4883,14
4885,13
4886,11
4888,13
4891,13
4892,11
4893,14
4895,11
4896,14
4897,12
4900,7
4901,11
4903,5
4904,10
4905,13
4906,14
4908,13
4912,13
4913,12
4914,14
4918,13
4919,12
4920,14
4921,7
4922,14
4923,5
4924,12
4926,14
4928,13
4929,14
4930,7
4932,12
4933,14
4934,7
4935,12
4936,12
4937,14
4938,12
4939,14
4940,13
4941,13
4942,14
4943,13
4944,12
4945,13
4946,12
4947,14
4949,12
4952,13
4953,14
4955,14
4957,13
4958,13
4959,12
4960,12
4961,14
4963,10
4964,12
4965,14
4967,12
4968,13
4969,7
4970,12
4971,13
4972,13
4973,13
4974,12
4976,12
4977,12
4978,7
4980,5
4982,14
4986,12
4987,13
4988,14
4989,14
4990,11
4993,13
4994,13
4996,7
4998,5
4999,14
5000,14
5004,13
5005,12
5006,11
5007,11
5008,12
5009,13
5011,12
5012,13
5013,13
5014,12
5016,14
5018,12
5019,13
5020,8
5021,12
5022,12
5023,13
5025,12
5026,12
5027,14
5028,14
5029,14
5030,7
5031,13
5033,7
5035,12
5037,11
5038,13
5040,14
5041,14
5043,13
5044,9
5046,12
5047,5
5048,13
5050,13
5051,7
5052,14
5053,12
5054,13
5055,12
5058,13
5059,14
5060,14
5062,13
5063,13
5064,12
5065,12
5066,13
5068,14
5069,12
5070,11
5071,14
5072,12
5073,14
5074,12
5075,12
5076,14
5077,13
5078,12
5079,14
5080,14
5081,14
5082,14
5083,14
5084,14
5085,14
5086,14
5087,14
5088,13
5089,14
5090,12
5092,14
5093,7
5094,12
5096,13
5097,14
5099,11
5100,7
5102,14
5103,12
5104,13
5106,14
5107,12
5109,12
5111,7
5113,13
5114,14
5115,14
5118,7
5119,14
5122,12
5123,7
5125,12
5126,14
5128,10
5129,14
5130,14
5131,12
5132,14
5133,12
5134,14
5135,14
5136,7
5138,12
5139,14
5140,14
5141,12
5142,12
5143,5
5145,13
5147,14
5148,14
5149,7
5150,7
5151,12
5153,14
5154,12
5156,12
5157,11
5158,5
5159,14
5160,7
5162,12
5163,14
5164,13
5168,12
5169,12
5170,13
5171,14
5174,12
5175,14
5176,12
5177,13
5178,13
5180,14
5181,14
5182,14
5183,14
5184,14
5185,7
5186,14
5187,13
5189,14
5190,12
5191,5
5192,13
5193,5
5194,14
5195,7
5196,9
5199,13
5200,12
5202,14
5203,13
5204,14
5205,12
5207,14
5208,13
5209,14
5210,12
5211,14
5212,13
5213,14
5215,14
5217,14
5219,13
5220,14
5221,12
5224,14
5225,14
5226,14
5227,13
5230,12
5231,13
5232,13
5234,13
5235,14
5236,12
5237,14
5238,12
5239,12
5240,10
5241,13
5242,14
5244,13
5245,6
5246,13
5247,13
5248,12
5249,14
5250,14
5251,14
5252,8
5253,13
5255,5
5257,14
5258,14
5259,4
5260,14
5261,13
5262,14
5263,12
5265,13
5266,14
5267,14
5269,14
5271,12
5272,13
5274,13
5275,11
5276,13
5277,14
5278,13
5279,14
5280,12
5281,13
5282,12
5285,13
5286,12
5287,6
5288,12
5289,7
5290,14
5291,14
5293,13
5295,12
5296,7
5298,13
5299,13
5300,12
5301,13
5302,7
5303,12
5304,13
5306,14
5307,12
5308,12
5309,12
5311,12
5313,14
5315,13
5316,12
5318,14
5319,12
5321,14
5322,12
5323,12
5324,10
5326,12
5328,12
5329,14
5330,13
5331,11
5332,7
5333,12
5334,13
5336,11
5337,12
5339,13
5340,14
5342,13
5343,12
5344,12
5345,12
5348,14
5350,12
5352,12
5353,12
5354,13
5355,12
5356,14
5357,12
5359,14
5360,13
5363,12
5365,12
5366,14
5368,12
5369,13
5373,13
5374,7
5375,11
5376,14
5377,13
5378,13
5379,13
5381,13
5382,14
5383,14
5384,14
5385,12
5386,14
5390,13
5391,4
5392,7
5393,12
5395,11
5396,13
5397,5
5398,14
5399,14
5400,12
5402,12
5403,12
5404,12
5405,14
5408,13
5409,12
5410,14
5411,12
5413,14
5414,12
5415,7
5416,12
5417,13
5418,12
5419,14
5420,14
5421,14
5422,14
5424,12
5426,5
5428,13
5429,12
5430,12
5431,12
5432,12
5433,14
5434,12
5436,14
5437,14
5438,12
5440,14
5441,13
5442,1
5444,12
5445,14
5446,13
5449,14
5451,13
5452,14
5453,12
5454,7
5455,13
5457,5
5459,14
5460,14
5461,11
5462,12
5463,10
5464,13
5465,12
5466,12
5467,14
5468,7
5469,14
5471,13
5472,13
5473,14
5474,13
5476,12
5478,14
5479,12
5480,12
5481,12
5482,13
5485,8
5486,14
5487,12
5488,13
5489,14
5490,7
5491,13
5494,13
5495,12
5496,7
5497,12
5498,12
5499,12
5500,13
5502,12
5503,14
5504,14
5505,12
5506,12
5508,10
5509,7
5511,13
5512,13
5513,14
5515,14
5516,13
5517,13
5519,14
5521,12
5522,14
5523,7
5527,12
5529,14
5531,7
5532,14
5533,12
5534,13
5535,14
5536,14
5537,12
5539,5
5540,13
5541,12
5542,13
5544,14
5545,14
5546,14
5549,14
5550,14
5551,13
5553,14
5554,12
5555,14
5556,12
5557,14
5558,13
5559,13
5560,12
5562,12
5563,14
5564,12
5565,13
5566,13
5567,7
5568,5
5569,13
5570,14
5572,14
5573,14
5574,14
5575,12
5576,14
5577,5
5578,7
5580,12
5583,14
5584,14
5585,14
5586,14
5587,14
5588,7
5589,13
5590,12
5591,14
5593,14
5594,12
5595,13
5597,14
5598,13
5599,12
5600,11
5601,12
5602,13
5603,14
5604,12
5606,13
5607,12
5608,9
5609,13
5610,14
5611,14
5615,12
5616,12
5618,5
5619,12
5620,7
5623,13
5626,13
5628,13
5629,12
5631,13
5633,14
5634,5
5635,14
5636,12
5637,14
5638,14
5639,14
5641,12
5642,14
5646,14
5647,12
5648,11
5649,12
5650,8
5653,12
5654,12
5655,12
5657,14
5658,12
5660,13
5661,12
5662,14
5664,13
5665,12
5667,13
5668,7
5669,12
5671,14
5672,6
5673,12
5675,12
5676,12
5677,12
5679,14
5681,13
5682,14
5683,14
5684,13
5685,13
5687,13
5688,13
5690,13
5692,14
5694,14
5695,14
5696,12
5697,6
5698,7
5699,13
5700,12
5701,14
5702,14
5703,14
5704,14
5706,14
5708,14
5709,7
5710,14
5711,7
5712,14
5713,13
5714,12
5715,13
5716,13
5719,12
5720,12
5721,12
5722,12
5723,12
5726,6
5727,13
5728,12
5729,13
5730,14
5731,13
5732,13
5735,6
5736,14
5737,14
5739,6
5740,13
5741,5
5742,7
5743,12
5744,6
5745,13
5746,12
5747,13
5748,14
5749,14
5750,14
5751,12
5753,13
5754,7
5755,14
5756,14
5758,14
5759,12
5761,14
5762,12
5763,9
5764,13
5765,14
5766,14
5767,13
5768,13
5769,6
5770,12
5771,14
5772,12
5773,13
5774,14
5775,4
5776,13
5777,14
5778,14
5779,12
5780,13
5782,12
5783,14
5785,14
5790,14
5793,13
5794,12
5798,14
5800,7
5801,13
5802,14
5803,5
5804,12
5805,14
5806,14
5807,13
5809,14
5810,12
5811,14
5813,7
5814,13
5816,12
5817,12
5818,14
5819,13
5820,13
5821,14
5823,10
5824,7
5827,13
5828,14
5829,14
5830,12
5834,14
5835,7
5836,12
5838,14
5842,14
5844,13
5845,13
5846,13
5847,14
5848,7
5849,13
5852,12
5853,13
5854,12
5855,13
5857,14
5858,14
5859,13
5860,12
5861,13
5863,12
5864,14
5865,14
5867,14
5870,5
5871,11
5873,12
5874,14
5875,12
5876,12
5879,12
5880,12
5881,13
5882,14
5885,7
5886,9
5887,14
5888,14
5891,12
5894,7
5895,12
5897,14
5899,12
5900,14
5902,14
5903,5
5904,14
5905,12
5906,12
5907,7
5908,13
5909,5
5910,14
5911,13
5912,11
5913,13
5914,14
5915,14
5917,7
5919,13
5920,14
5922,13
5923,14
5924,13
5926,13
5929,14
5930,13
5933,14
5934,14
5935,13
5936,12
5937,12
5938,6
5939,11
5940,12
5941,14
5942,12
5943,13
5944,13
5946,14
5949,12
5950,12
5952,13
5953,14
5954,12
5955,12
5956,7
5957,12
5959,14
5960,13
5961,11
5963,12
5964,7
5965,12
5967,14
5968,14
5969,5
5970,14
5971,14
5972,13
5973,12
5974,12
5975,11
5976,12
5978,6
5979,12
5980,12
5981,12
5982,13
5983,13
5984,12
5985,9
5986,12
5987,14
5988,12
5989,12
5991,12
5992,13
5993,13
5994,14
5995,7
5996,13
5998,13
5999,14
6000,12
6002,14
6004,12
6005,14
6006,12
6008,13
6009,7
6010,12
6012,12
6014,14
6015,13
6016,14
6017,14
6018,14
6019,12
6020,13
6021,13
6024,5
6025,13
6026,13
6027,12
6028,14
6029,13
6030,14
6031,13
6032,7
6034,13
6035,14
6036,14
6037,14
6038,13
6039,12
6041,7
6042,13
6043,14
6045,14
6046,12
6047,12
6048,12
6049,13
6051,3
6053,14
6054,12
6056,13
6058,12
6059,12
6060,12
6061,12
6062,12
6063,6
6064,12
6065,13
6066,14
6067,12
6068,7
6071,7
6072,13
6073,12
6075,13
6076,14
6077,13
6078,12
6079,12
6080,13
6081,13
6082,13
6083,14
6084,12
6086,13
6087,14
6088,13
6089,12
6090,11
6091,12
6092,14
6093,12
6094,14
6095,13
6097,14
6098,13
6099,12
6100,12
6102,12
6103,12
6104,12
6106,13
6108,12
6109,11
6110,11
6111,12
6112,10
6113,7
6114,13
6115,13
6116,13
6117,14
6118,13
6119,12
6121,13
6122,14
6123,5
6124,12
6127,13
6128,12
6129,14
6131,12
6132,7
6133,14
6134,7
6135,14
6136,12
6137,13
6139,12
6141,14
6142,12
6143,14
6144,12
6145,13
6147,13
6148,14
6149,13
6150,11
6151,14
6152,13
6153,12
6155,12
6156,7
6157,13
6159,13
6160,12
6163,12
6164,12
6166,13
6167,13
6168,14
6169,13
6170,10
6172,6
6173,13
6174,14
6175,13
6176,14
6177,14
6179,12
6180,12
6181,13
6183,12
6186,12
6187,12
6188,6
6189,13
6190,7
6191,12
6192,13
6193,13
6194,12
6195,12
6196,7
6198,12
6199,5
6202,13
6203,13
6204,7
6205,12
6206,14
6209,7
6210,12
6211,13
6212,14
6213,13
6215,12
6216,14
6219,12
6221,7
6222,12
6223,13
6225,7
6226,13
6229,14
6230,14
6231,14
6233,14
6234,12
6235,13
6237,14
6241,5
6242,13
6243,6
6244,7
6245,12
6246,14
6248,12
6250,11
6251,14
6252,14
6254,13
6255,14
6256,14
6257,13
6258,14
6260,7
6261,12
6264,14
6266,14
6267,13
6268,7
6269,12
6270,12
6271,13
6273,12
6277,7
6278,14
6279,12
6281,14
6282,12
6283,14
6284,6
6285,11
6287,12
6288,12
6289,12
6290,12
6292,12
6293,13
6294,13
6295,13
6296,14
6297,13
6298,13
6299,12
6300,12
6301,14
6303,13
6304,12
6306,11
6307,14
6309,7
6310,12
6311,13
6312,12
6313,13
6314,13
6315,13
6316,14
6319,7
6320,12
6321,14
6322,14
6323,13
6324,6
6325,7
6326,12
6327,13
6328,13
6329,9
6330,13
6331,14
6332,12
6333,12
6334,13
6335,12
6336,14
6339,14
6342,13
6344,14
6346,14
6347,14
6348,12
6349,4
6351,14
6352,13
6354,14
6355,12
6356,14
6357,14
6359,14
6361,12
6362,14
6364,13
6365,11
6366,10
6367,14
6369,14
6370,7
6372,12
6373,12
6374,14
6375,14
6379,7
6380,13
6381,14
6385,13
6386,13
6387,12
6389,5
6390,12
6392,12
6393,14
6395,14
6396,14
6397,7
6398,14
6399,14
6400,13
6402,12
6403,12
6404,14
6405,14
6406,13
6407,14
6408,12
6409,12
6410,7
6411,13
6413,13
6414,14
6416,14
6417,13
6418,14
6420,12
6421,13
6423,13
6424,13
6425,13
6426,12
6427,14
6428,12
6429,12
6430,12
6431,5
6432,14
6434,12
6435,5
6437,12
6438,12
6439,12
6440,14
6441,14
6442,13
6443,12
6444,13
6445,14
6446,12
6447,12
6448,12
6449,7
6450,14
6451,11
6452,7
6454,12
6455,14
6456,12
6457,13
6458,14
6459,12
6460,14
6461,14
6462,14
6463,13
6464,5
6465,13
6467,14
6470,14
6471,14
6472,12
6473,13
6474,14
6476,12
6477,12
6478,13
6479,10
6480,12
6482,13
6483,14
6485,14
6486,14
6488,12
6489,7
6490,12
6491,12
6492,14
6494,14
6495,12
6496,14
6497,14
6498,13
6499,12
6500,12
6501,12
6502,11
6503,7
6505,14
6506,13
6507,13
6508,14
6510,14
6511,12
6512,12
6513,7
6514,12
6515,13
6517,10
6518,12
6519,12
6520,13
6521,13
6522,12
6523,12
6524,13
6528,14
6529,14
6530,14
6535,13
6537,12
6538,13
6539,12
6540,11
6541,14
6542,14
6543,12
6544,13
6545,8
6546,14
6547,14
6548,4
6549,13
6550,12
6551,14
6552,11
6553,14
6554,12
6556,6
6557,12
6558,8
6559,13
6560,13
6563,13
6564,14
6565,13
6568,13
6569,12
6570,14
6571,14
6572,13
6574,7
6575,7
6576,12
6577,12
6578,12
6579,12
6581,14
6582,13
6585,14
6588,14
6590,12
6591,13
6592,14
6593,12
6594,12
6595,12
6596,10
6597,10
6598,12
6599,14
6601,14
6602,12
6603,12
6604,14
6605,14
6607,13
6608,12
6610,12
6611,12
6613,14
6614,14
6615,13
6616,10
6617,13
6619,14
6620,13
6621,7
6622,13
6623,14
6624,14
6625,14
6626,13
6627,13
6628,14
6630,14
6631,13
6632,13
6633,14
6635,13
6637,13
6640,12
6641,13
6642,12
6643,14
6644,12
6645,13
6646,13
6647,14
6648,12
6649,12
6651,12
6654,7
6655,11
6657,14
6658,13
6659,12
6660,7
6662,12
6663,7
6664,14
6665,10
6666,13
6667,3
6668,6
6669,11
6671,14
6672,12
6673,12
6674,14
6675,12
6676,9
6677,13
6678,13
6680,7
6681,13
6682,14
6683,13
6684,12
6686,6
6688,12
6689,13
6690,7
6691,12
6692,14
6694,13
6695,14
6696,12
6697,11
6698,14
6700,7
6702,14
6703,11
6704,14
6705,12
6706,14
6707,13
6708,12
6710,12
6711,14
6712,14
6713,5
6715,12
6716,14
6718,14
6719,13
6720,9
6721,12
6722,14
6723,14
6725,12
6726,12
6727,13
6728,12
6729,14
6730,12
6731,13
6734,14
6735,12
6738,14
6739,11
6740,14
6741,12
6743,12
6744,11
6745,12
6746,13
6747,13
6748,12
6749,12
6750,12
6752,14
6753,12
6754,14
6757,13
6758,12
6760,12
6761,13
6762,6
6763,13
6764,13
6765,13
6766,14
6767,13
6768,13
6770,14
6771,11
6772,13
6773,13
6774,12
6775,14
6776,6
6777,12
6778,12
6779,12
6780,12
6781,12
6782,14
6783,14
6784,13
6786,13
6791,5
6792,13
6794,12
6795,13
6797,13
6798,10
6799,13
6800,14
6801,14
6802,7
6803,14
6805,12
6806,12
6808,8
6809,7
6810,12
6811,7
6812,14
6814,13
6815,14
6816,14
6817,7
6818,10
6819,12
6821,13
6823,8
6826,14
6827,12
6828,13
6829,7
6830,7
6831,7
6832,10
6833,14
6835,12
6836,6
6838,12
6839,14
6840,13
6841,14
6842,7
6843,14
6844,13
6845,13
6846,12
6847,12
6848,12
6849,14
6850,7
6852,14
6853,14
6854,12
6855,14
6859,14
6860,13
6861,14
6863,12
6865,13
6866,13
6867,11
6868,12
6869,13
6870,14
6871,14
6873,12
6874,5
6876,14
6877,14
6878,13
6880,13
6881,13
6882,14
6883,13
6884,13
6886,12
6888,12
6889,13
6890,13
6891,12
6892,14
6893,14
6894,12
6895,14
6896,12
6897,12
6898,6
6899,12
6903,12
6904,12
6905,7
6907,12
6908,14
6909,14
6910,7
6911,12
6913,5
6914,12
6915,5
6916,12
6918,14
6919,6
6921,7
6923,13
6924,14
6926,13
6927,14
6928,12
6929,13
6930,12
6931,13
6933,13
6934,12
6935,12
6936,12
6937,12
6938,12
6940,14
6941,13
6942,6
6943,14
6945,14
6946,10
6947,9
6948,14
6949,6
6950,13
6951,14
6952,13
6953,14
6954,14
6955,12
6956,14
6958,14
6959,14
6960,13
6962,13
6963,12
6967,14
6968,14
6969,13
6970,12
6971,12
6972,12
6974,14
6975,13
6976,7
6977,13
6978,14
6979,14
6981,12
6983,14
6984,13
6985,14
6986,11
6990,12
6991,14
6993,12
6994,12
6995,14
6996,12
6997,14
6998,13
6999,14
7000,7
7001,14
7002,11
7003,14
7004,12
7005,13
7006,12
7007,9
7008,14
7009,11
7014,12
7018,6
7020,12
7021,14
7023,7
7024,12
7025,12
7026,14
7030,14
7031,13
7032,12
7033,14
7034,12
7035,14
7036,13
7038,14
7039,12
7040,14
7043,13
7044,12
7045,14
7046,14
7047,7
7048,7
7050,13
7051,12
7053,12
7055,12
7056,13
7057,14
7058,14
7059,12
7060,14
7061,13
7062,13
7064,12
7066,8
7068,12
7069,12
7070,14
7071,12
7072,14
7073,14
7075,12
7077,12
7078,12
7079,12
7080,7
7081,6
7082,12
7083,14
7084,12
7086,14
7087,13
7088,12
7089,7
7090,14
7091,14
7092,14
7095,7
7097,12
7098,8
7099,13
7100,13
7101,7
7102,14
7103,14
7105,14
7106,5
7108,5
7109,13
7110,13
7111,2
7112,11
7113,12
7114,14
7115,12
7116,13
7117,5
7118,13
7119,6
7120,9
7121,12
7122,12
7123,13
7124,14
7125,13
7126,14
7127,14
7128,13
7129,14
7130,12
7133,14
7134,14
7135,13
7136,12
7138,10
7141,13
7142,8
7143,12
7144,13
7145,7
7146,12
7147,12
7148,14
7149,14
7150,14
7151,13
7152,7
7153,12
7154,14
7155,14
7156,14
7158,14
7159,13
7160,7
7161,6
7164,12
7166,6
7167,12
7168,12
7169,14
7171,14
7172,13
7173,13
7174,14
7175,5
7178,12
7179,13
7181,14
7182,7
7185,13
7187,10
7188,7
7189,13
7190,7
7194,11
7196,12
7197,14
7198,11
7199,12
7200,13
7201,5
7202,5
7203,14
7205,12
7206,14
7207,14
7208,12
7210,12
7211,13
7212,14
7213,12
7214,5
7215,12
7216,12
7218,14
7219,12
7220,12
7221,12
7222,12
7223,14
7224,14
7225,12
7226,5
7227,14
7228,12
7229,14
7230,13
7231,12
7232,14
7233,12
7234,12
7235,12
7236,14
7237,14
7239,11
7241,7
7242,12
7243,8
7244,11
7248,12
7249,14
7250,13
7251,12
7252,14
7253,7
7256,11
7257,12
7258,14
7259,12
7260,14
7262,14
7263,14
7264,7
7265,12
7266,14
7269,13
7270,14
7271,12
7272,14
7273,14
7274,12
7275,13
7276,12
7277,13
7278,12
7281,14
7282,11
7283,13
7284,12
7285,14
7288,14
7290,13
7292,7
7293,13
7294,14
7296,12
7297,14
7298,14
7301,10
7303,13
7304,11
7305,11
7306,12
7307,14
7309,4
7310,14
7311,13
7312,13
7313,13
7314,12
7315,7
7317,7
7318,12
7320,12
7322,13
7323,8
7325,13
7328,11
7329,14
7330,14
7331,12
7332,5
7334,14
7335,14
7337,11
7338,14
7339,12
7340,14
7341,14
7342,14
7343,12
7344,12
7345,14
7347,12
7348,14
7349,12
7351,12
7352,12
7353,5
7354,14
7355,14
7357,14
7358,14
7359,13
7360,12
7361,13
7364,14
7365,12
7366,14
7368,14
7369,12
7371,14
7372,12
7373,14
7374,8
7375,13
7376,11
7377,13
7379,13
7381,13
7384,14
7385,12
7386,14
7387,12
7388,7
7389,13
7391,7
7393,12
7395,12
7396,12
7397,13
7398,12
7400,13
7401,7
7403,12
7405,11
7407,14
7408,7
7409,13
7412,13
7413,12
7415,13
7416,14
7418,12
7419,14
7420,14
7421,12
7425,14
7426,14
7428,6
7429,11
7430,12
7431,13
7432,14
7433,12
7434,12
7435,13
7438,14
7439,14
7441,13
7442,12
7444,14
7445,12
7446,14
7448,12
7449,14
7450,14
7451,12
7452,14
7455,13
7457,14
7459,12
7460,14
7462,12
7463,7
7464,12
7465,14
7466,14
7467,7
7468,6
7469,14
7470,14
7471,8
7472,14
7474,14
7478,14
7480,14
7482,7
7483,5
7484,13
7485,13
7486,13
7487,12
7488,12
7489,13
7490,12
7491,14
7493,10
7496,11
7497,7
7498,13
7499,5
7500,12
7501,12
7502,7
7503,12
7504,12
7506,14
7507,5
7508,12
7512,14
7513,12
7515,12
7516,14
7517,14
7519,13
7521,14
7522,12
7523,5
7525,12
7526,14
7528,12
7529,14
7530,12
7531,12
7533,14
7534,12
7535,14
7538,14
7539,12
7540,7
7541,13
7544,14
7545,7
7546,13
7548,13
7550,5
7551,13
7552,10
7553,11
7556,12
7557,12
7559,13
7560,6
7561,12
7562,12
7563,14
7565,14
7567,14
7568,14
7569,14
7571,13
7572,12
7573,12
7574,5
7575,13
7576,12
7578,12
7579,12
7580,14
7581,10
7582,14
7583,12
7584,5
7585,13
7586,14
7587,13
7588,14
7589,12
7591,14
7593,12
7594,11
7596,12
7597,14
7598,14
7599,12
7600,13
7601,12
7603,14
7604,12
7605,14
7606,12
7607,12
7609,14
7613,12
7615,12
7617,12
7618,14
7619,12
7620,12
7624,12
7625,12
7627,13
7628,13
7629,13
7630,12
7632,13
7634,14
7635,10
7636,14
7637,7
7638,13
7639,12
7640,7
7641,12
7642,12
7644,14
7645,13
7646,11
7647,14
7649,5
7650,12
7651,12
7652,12
7654,14
7655,14
7656,13
7657,13
7658,12
7659,14
7660,12
7662,14
7663,12
7664,14
7665,12
7666,12
7668,12
7669,12
7671,14
7672,13
7673,14
7674,12
7675,12
7677,13
7678,12
7679,14
7680,12
7682,12
7683,12
7684,14
7685,12
7686,14
7687,14
7688,13
7690,13
7692,7
7693,14
7695,7
7697,14
7699,14
7700,13
7701,13
7702,14
7703,7
7704,12
7705,12
7706,14
7707,14
7708,5
7710,13
7711,13
7712,12
7713,14
7714,14
7715,14
7716,14
7717,14
7720,12
7721,12
7722,14
7723,12
7724,6
7726,13
7727,13
7728,14
7730,12
7731,14
7732,12
7733,13
7734,14
7736,13
7737,12
7738,14
7740,13
7741,12
7743,14
7745,12
7746,13
7747,12
7748,14
7750,7
7751,14
7752,12
7753,14
7754,12
7755,14
7756,14
7757,5
7759,12
7760,12
7761,12
7762,12
7763,12
7765,12
7766,12
7767,13
7768,12
7771,12
7774,12
7776,10
7777,13
7778,7
7779,12
7782,14
7783,14
7784,14
7787,6
7788,12
7789,7
7790,5
7792,14
7793,12
7796,14
7797,5
7798,14
7799,13
7802,13
7804,13
7805,13
7806,14
7807,14
7808,11
7809,14
7810,7
7811,13
7812,6
7813,13
7815,12
7818,6
7820,5
7822,14
7823,13
7825,14
7826,12
7827,14
7830,12
7831,14
7832,13
7833,12
7834,12
7835,6
7838,13
7839,12
7840,13
7841,13
7842,12
7843,12
7844,13
7845,12
7846,12
7850,14
7851,14
7852,14
7853,14
7854,13
7855,12
7857,14
7861,13
7862,12
7863,12
7864,12
7865,7
7866,13
7868,14
7869,12
7871,14
7872,12
7873,6
7874,10
7875,12
7876,14
7877,14
7878,12
7880,14
7881,12
7882,12
7883,14
7884,12
7885,14
7886,7
7889,12
7891,12
7893,14
7894,14
7895,12
7896,14
7897,12
7898,10
7899,13
7900,7
7902,14
7905,13
7907,13
7908,12
7910,12
7912,7
7913,14
7915,14
7916,12
7917,13
7918,14
7919,13
7920,14
7921,12
7923,13
7924,12
7926,12
7927,13
7929,13
7930,12
7931,12
7932,8
7933,12
7934,13
7935,12
7936,13
7938,13
7939,14
7942,13
7943,13
7944,14
7946,13
7947,14
7949,12
7951,12
7954,14
7955,12
7957,12
7958,12
7959,13
7960,14
7961,13
7962,14
7963,14
7964,14
7965,14
7966,13
7967,12
7968,12
7969,12
7972,12
7974,13
7975,12
7979,8
7980,12
7981,14
7982,13
7983,12
7985,7
7986,13
7990,14
7991,12
7992,7
7993,5
7994,13
7995,14
7997,7
7999,6
8000,13
8002,14
8003,14
8004,13
8005,12
8006,13
8007,6
8008,14
8009,12
8010,13
8011,12
8014,13
8016,13
8017,13
8018,12
8019,13
8020,13
8021,13
8022,12
8023,13
8024,14
8025,14
8026,12
8027,14
8030,12
8031,7
8032,13
8033,12
8034,12
8038,10
8039,6
8041,13
8042,12
8043,7
8044,12
8045,12
8046,12
8048,7
8049,14
8050,12
8052,13
8054,14
8055,12
8056,13
8057,5
8060,12
8061,13
8062,12
8064,13
8065,14
8066,14
8067,14
8069,12
8071,14
8072,12
8074,14
8075,14
8076,14
8077,13
8078,12
8080,13
8081,14
8082,14
8083,12
8084,14
8085,12
8086,12
8087,12
8088,13
8089,14
8090,12
8091,11
8092,13
8093,12
8094,7
8095,13
8096,7
8097,12
8098,12
8099,14
8100,14
8101,14
8102,13
8103,13
8104,7
8105,7
8107,7
8109,12
8110,12
8111,7
8112,12
8113,12
8114,13
8115,12
8116,13
8118,14
8119,14
8120,14
8121,8
8123,7
8124,14
8126,13
8129,7
8130,14
8131,12
8132,12
8134,14
8135,12
8136,14
8137,12
8139,11
8140,14
8141,14
8142,9
8145,12
8146,12
8147,7
8148,13
8149,14
8150,12
8151,14
8152,13
8153,12
8154,13
8155,14
8156,8
8157,14
8159,10
8160,12
8161,14
8162,11
8163,12
8164,13
8165,12
8166,13
8167,10
8169,13
8170,14
8171,14
8172,13
8173,12
8174,11
8177,13
8180,14
8181,13
8182,13
8185,14
8186,5
8188,12
8189,13
8190,13
8191,6
8192,12
8193,12
8194,12
8195,7
8196,14
8197,12
8199,14
8200,14
8201,14
8202,14
8203,14
8204,14
8206,14
8207,12
8210,12
8211,12
8212,7
8213,14
8216,14
8217,14
8219,7
8220,12
8222,12
8223,14
8224,12
8225,11
8226,14
8227,14
8228,12
8229,3
8230,12
8231,12
8232,13
8234,12
8235,10
8236,14
8237,12
8238,12
8239,13
8241,11
8243,11
8244,12
8245,12
8246,13
8247,13
8248,13
8249,14
8251,7
8252,14
8253,12
8254,14
8255,12
8257,14
8260,14
8263,13
8265,12
8266,7
8267,12
8268,14
8270,12
8271,14
8272,14
8273,13
8275,12
8276,13
8277,7
8278,13
8279,13
8282,13
8284,12
8285,13
8286,13
8287,12
8289,12
8291,14
8292,13
8296,12
8297,12
8298,12
8299,14
8300,12
8301,13
8302,12
8304,13
8305,12
8306,13
8307,12
8308,12
8309,12
8310,13
8311,14
8312,11
8313,13
8314,14
8315,12
8316,13
8317,14
8318,12
8319,12
8321,12
8322,13
8323,13
8324,14
8325,13
8326,13
8327,11
8330,12
8331,14
8332,12
8333,14
8335,14
8337,14
8338,13
8339,14
8340,14
8341,14
8342,12
8343,13
8344,12
8345,13
8346,12
8347,11
8349,13
8350,7
8351,13
8352,7
8354,14
8355,14
8357,12
8359,7
8361,14
8362,10
8363,14
8366,13
8367,12
8368,5
8370,12
8372,14
8373,14
8374,12
8375,13
8376,12
8377,14
8379,14
8382,12
8383,14
8385,12
8386,12
8388,12
8389,12
8390,12
8391,13
8393,14
8394,9
8395,13
8397,12
8398,12
8399,4
8400,14
8402,14
8403,14
8408,12
8409,7
8410,14
8411,7
8412,14
8413,13
8414,14
8415,14
8417,13
8418,13
8419,12
8420,13
8421,13
8423,12
8426,13
8427,5
8428,12
8429,13
8430,7
8431,14
8432,11
8433,13
8434,13
8435,3
8436,12
8438,12
8439,12
8441,12
8444,14
8447,7
8450,13
8454,12
8455,13
8456,13
8457,13
8461,13
8462,12
8463,14
8464,12
8465,14
8466,14
8467,14
8468,13
8469,12
8470,14
8471,12
8472,13
8474,14
8475,7
8478,14
8479,14
8480,10
8482,12
8483,7
8484,10
8485,11
8488,12
8489,14
8492,13
8494,5
8495,12
8496,12
8497,12
8499,12
8500,12
8501,12
8502,13
8503,13
8504,12
8506,14
8507,12
8508,13
8510,7
8511,8
8512,13
8513,14
8514,7
8515,7
8516,14
8517,13
8518,14
8520,14
8521,13
8522,13
8523,14
8524,12
8526,12
8527,5
8528,13
8531,12
8532,12
8534,13
8535,13
8536,11
8538,13
8539,12
8540,12
8541,13
8542,11
8543,14
8544,11
8545,13
8546,14
8547,14
8548,13
8550,14
8551,6
8552,12
8553,12
8554,12
8555,12
8556,14
8557,11
8558,14
8559,14
8560,12
8561,14
8562,14
8563,12
8564,13
8566,14
8567,12
8569,14
8570,12
8571,13
8572,10
8573,14
8574,12
8575,13
8576,14
8577,14
8578,14
8579,13
8580,7
8581,7
8584,7
8586,12
8587,12
8588,10
8589,14
8590,7
8591,12
8592,12
8593,5
8594,14
8595,12
8597,14
8599,14
8602,14
8603,14
8604,12
8605,12
8606,14
8607,13
8608,12
8609,13
8610,14
8611,12
8612,12
8613,12
8614,12
8615,14
8617,12
8618,14
8620,7
8621,14
8623,13
8624,13
8625,13
8627,12
8628,12
8629,14
8630,14
8631,11
8632,12
8633,13
8634,11
8635,14
8636,13
8637,7
8638,7
8639,12
8640,12
8642,12
8643,14
8644,12
8645,13
8647,12
8648,5
8649,14
8650,14
8651,12
8652,14
8653,12
8654,14
8655,14
8656,14
8657,13
8658,14
8659,12
8660,13
8662,14
8663,12
8664,14
8665,14
8666,12
8667,14
8668,12
8669,14
8671,12
8672,14
8674,5
8678,12
8679,14
8680,14
8681,12
8682,13
8683,11
8684,12
8685,12
8688,12
8689,14
8691,13
8692,12
8694,12
8699,7
8700,14
8701,14
8702,10
8703,14
8704,14
8705,13
8706,12
8707,14
8708,14
8709,7
8710,14
8711,5
8712,13
8713,14
8714,12
8719,14
8721,7
8723,13
8724,11
8725,13
8726,12
8727,12
8729,14
8730,14
8731,14
8732,12
8733,12
8734,13
8737,12
8738,13
8740,14
8741,12
8743,12
8744,12
8745,14
8746,12
8748,13
8750,13
8751,7
8753,13
8754,7
8758,14
8759,14
8760,12
8762,13
8763,13
8764,12
8766,12
8768,14
8769,12
8770,12
8771,14
8777,13
8778,5
8779,12
8780,7
8782,14
8784,11
8785,14
8786,7
8787,12
8789,13
8790,13
8791,13
8792,14
8793,13
8794,14
8795,14
8797,13
8798,14
8799,13
8800,14
8801,14
8802,12
8803,13
8804,13
8805,14
8806,12
8807,14
8808,14
8809,13
8811,12
8812,13
8813,12
8816,12
8817,14
8818,7
8819,14
8820,13
8823,13
8824,12
8826,12
8827,13
8829,12
8832,12
8833,13
8834,14
8835,13
8836,13
8838,12
8839,12
8840,14
8842,14
8843,12
8845,12
8846,6
8847,14
8848,12
8849,14
8850,12
8851,5
8852,11
8854,13
8855,7
8856,11
8857,12
8859,11
8860,12
8861,14
8862,14
8863,13
8864,12
8865,13
8867,13
8868,11
8870,7
8871,13
8872,12
8873,12
8874,7
8875,13
8876,12
8877,14
8878,14
8879,4
8880,13
8881,12
8882,6
8883,14
8884,12
8885,9
8886,12
8887,12
8889,14
8890,13
8891,13
8892,14
8895,14
8896,12
8897,13
8898,14
8899,13
8901,10
8903,12
8905,12
8906,14
8908,12
8910,13
8911,14
8912,12
8913,14
8915,7
8916,12
8918,10
8919,12
8920,12
8921,12
8922,14
8923,13
8924,12
8925,14
8930,12
8931,13
8932,13
8933,12
8934,11
8935,12
8937,5
8938,13
8939,12
8941,13
8942,13
8943,5
8944,12
8945,12
8946,12
8947,5
8951,14
8952,12
8954,12
8955,12
8956,14
8958,7
8959,14
8960,13
8962,14
8963,14
8964,12
8966,14
8967,14
8968,7
8969,14
8970,13
8971,12
8972,7
8973,14
8974,14
8975,13
8977,5
8978,14
8979,14
8980,12
8982,13
8983,12
8984,12
8986,7
8988,13
8989,13
8990,14
8992,12
8993,13
8996,12
8998,12
8999,11
9000,12
9001,13
9003,13
9004,14
9005,12
9006,13
9007,13
9008,13
9013,14
9016,12
9017,14
9019,12
9020,14
9022,13
9024,12
9025,12
9026,13
9028,13
9029,14
9030,13
9031,14
9032,14
9033,13
9034,13
9035,13
9036,12
9037,12
9038,12
9039,14
9040,13
9041,14
9042,7
9043,14
9044,13
9045,13
9046,12
9047,14
9048,13
9050,13
9052,12
9053,12
9055,14
9057,14
9058,14
9059,13
9060,13
9061,12
9062,12
9063,14
9064,12
9066,14
9067,14
9068,12
9069,14
9070,12
9071,12
9072,13
9073,13
9074,11
9075,14
9077,14
9080,14
9081,13
9083,7
9085,7
9086,13
9087,12
9088,12
9089,10
9090,12
9091,14
9092,14
9093,13
9094,12
9095,12
9097,7
9098,14
9100,13
9101,14
9103,14
9105,14
9108,13
9109,7
9110,12
9112,13
9113,14
9114,13
9115,12
9117,9
9120,13
9121,11
9122,7
9124,14
9125,14
9126,12
9127,14
9128,14
9129,12
9130,13
9132,14
9134,13
9137,11
9138,13
9140,14
9141,12
9143,12
9144,14
9145,12
9146,13
9147,14
9148,11
9149,14
9150,5
9151,13
9152,12
9154,6
9155,14
9156,14
9157,14
9158,14
9159,11
9161,11
9162,13
9163,13
9164,13
9165,13
9166,12
9167,12
9168,12
9169,14
9170,14
9173,7
9174,7
9175,13
9176,6
9177,12
9178,14
9179,5
9180,7
9181,14
9182,13
9183,7
9184,7
9185,10
9188,12
9189,12
9191,13
9192,12
9194,13
9196,14
9197,12
9201,13
9202,14
9203,12
9204,14
9205,12
9206,14
9207,12
9208,14
9209,10
9212,13
9214,12
9216,13
9218,13
9219,14
9220,12
9221,14
9223,5
9225,7
9226,6
9227,6
9228,12
9230,13
9231,5
9232,12
9233,13
9234,14
9236,12
9239,14
9240,13
9241,14
9242,7
9243,14
9244,14
9245,13
9247,12
9248,12
9249,14
9250,14
9251,14
9252,11
9253,12
9254,13
9256,12
9258,13
9259,14
9260,13
9261,14
9262,12
9263,13
9264,14
9265,13
9266,14
9267,13
9268,12
9269,13
9270,13
9271,12
9272,12
9273,12
9274,11
9276,13
9277,14
9278,12
9279,12
9280,13
9281,12
9282,12
9283,14
9284,14
9285,12
9287,12
9288,12
9289,13
9290,14
9291,13
9293,14
9294,14
9295,12
9296,5
9297,12
9298,14
9299,12
9300,14
9302,13
9303,12
9304,13
9305,14
9306,13
9307,12
9308,14
9310,7
9311,12
9312,14
9314,14
9315,14
9316,13
9320,12
9321,14
9323,9
9324,12
9325,12
9326,13
9327,12
9328,14
9331,14
9332,5
9333,5
9334,12
9335,5
9336,14
9338,12
9339,5
9341,14
9343,14
9344,11
9345,14
9346,14
9347,14
9350,14
9352,12
9353,12
9354,14
9355,14
9356,13
9357,12
9358,13
9359,9
9360,12
9362,11
9363,13
9364,10
9365,12
9366,12
9369,14
9370,14
9371,14
9372,12
9373,14
9375,14
9376,12
9377,14
9378,14
9379,12
9380,12
9381,7
9382,12
9385,13
9386,12
9387,12
9388,7
9389,7
9391,12
9392,13
9394,12
9395,10
9397,7
9398,13
9400,14
9403,14
9404,7
9405,13
9406,14
9407,13
9409,9
9410,14
9411,13
9412,12
9413,14
9414,12
9416,13
9417,12
9419,14
9420,13
9421,14
9422,14
9423,7
9424,13
9425,12
9428,14
9429,12
9430,8
9431,12
9433,11
9434,14
9435,7
9436,12
9437,12
9438,12
9439,11
9440,14
9443,14
9446,12
9447,11
9450,14
9451,12
9452,14
9453,7
9454,12
9455,13
9456,14
9459,13
9460,13
9461,13
9462,14
9463,12
9465,12
9468,12
9469,10
9470,7
9471,12
9472,5
9473,12
9474,12
9475,14
9476,12
9477,9
9478,14
9479,14
9480,12
9481,14
9482,12
9484,14
9485,12
9486,5
9487,14
9489,13
9490,14
9491,12
9492,14
9494,14
9495,14
9496,13
9497,13
9500,13
9502,12
9503,13
9504,14
9505,14
9506,14
9507,10
9508,12
9509,12
9510,12
9512,14
9513,12
9514,13
9516,12
9517,12
9518,12
9519,13
9520,14
9521,12
9522,7
9523,12
9524,14
9526,11
9528,14
9532,13
9534,12
9535,13
9536,13
9537,13
9538,14
9540,12
9544,12
9545,14
9546,14
9547,13
9548,12
9549,12
9550,12
9552,7
9553,14
9554,13
9555,7
9556,11
9557,12
9559,13
9560,13
9561,13
9562,13
9563,12
9564,14
9565,14
9566,12
9568,12
9570,11
9572,14
9574,9
9575,14
9576,12
9579,13
9580,13
9581,5
9583,13
9584,14
9585,14
9587,14
9589,11
9591,14
9592,12
9594,13
9595,13
9596,5
9597,14
9598,14
9599,13
9600,12
9602,12
9604,14
9607,14
9608,12
9609,12
9611,14
9613,14
9614,11
9615,8
9616,12
9617,13
9618,13
9619,13
9620,14
9622,13
9623,11
9624,12
9625,9
9626,13
9627,7
9629,13
9632,14
9633,12
9634,6
9635,14
9636,13
9637,14
9638,14
9639,10
9640,14
9641,14
9642,14
9644,13
9645,11
9646,12
9648,14
9649,14
9650,14
9651,9
9652,13
9653,14
9656,10
9657,5
9658,14
9659,7
9660,12
9661,14
9663,11
9666,12
9667,13
9669,13
9671,14
9672,13
9673,7
9675,13
9676,6
9677,14
9678,12
9679,12
9680,13
9681,14
9683,12
9684,14
9685,13
9688,7
9689,14
9690,14
9691,13
9692,14
9693,13
9694,14
9696,12
9697,13
9698,14
9699,14
9700,13
9701,14
9702,14
9703,13
9704,11
9707,14
9708,13
9710,12
9711,13
9712,11
9713,6
9714,14
9715,12
9717,5
9718,12
9719,4
9722,13
9724,12
9725,13
9726,7
9730,9
9732,14
9733,12
9734,5
9735,14
9736,12
9737,13
9739,12
9740,14
9741,13
9742,13
9743,12
9745,14
9747,6
9748,14
9749,13
9750,13
9751,14
9753,14
9754,14
9755,13
9757,12
9758,14
9759,13
9760,14
9761,12
9763,14
9764,12
9766,14
9767,12
9768,14
9769,13
9770,5
9771,14
9775,14
9776,14
9777,13
9778,12
9780,12
9781,12
9782,13
9784,13
9785,11
9787,13
9788,13
9789,12
9791,6
9792,12
9793,13
9794,14
9796,13
9797,12
9798,14
9799,14
9801,6
9802,11
9803,13
9804,14
9805,12
9806,13
9807,14
9808,14
9809,12
9811,13
9812,14
9813,12
9816,7
9817,14
9818,12
9822,14
9823,12
9824,14
9825,14
9826,12
9827,13
9828,14
9829,12
9831,12
9832,12
9833,13
9834,14
9836,12
9837,11
9838,13
9839,14
9840,12
9841,14
9842,13
9843,14
9846,12
9847,13
9849,13
9850,14
9851,12
9852,13
9853,12
9855,12
9856,12
9857,12
9858,5
9859,12
9860,12
9861,13
9862,14
9863,12
9865,7
9866,12
9867,12
9868,14
9869,12
9870,14
9871,13
9874,7
9875,12
9877,14
9878,5
9879,14
9881,12
9882,5
9883,6
9884,13
9885,13
9886,12
9887,13
9888,13
9889,12
9890,13
9891,14
9892,13
9893,14
9894,13
9897,14
9898,13
9899,13
9900,14
9901,13
9903,14
9904,13
9906,14
9909,10
9911,14
9912,12
9916,14
9917,12
9918,12
9919,13
9920,13
9921,8
9923,14
9924,12
9926,12
9929,12
9930,14
9931,12
9933,12
9936,6
9939,14
9941,14
9942,12
9943,12
9944,7
9945,13
9946,13
9947,14
9948,12
9949,12
9950,14
9951,13
9952,14
9953,14
9954,12
9956,12
9957,14
9958,13
9959,12
9960,14
9961,14
9962,7
9964,12
9965,10
9966,14
9967,11
9968,12
9969,13
9970,13
9971,12
9972,12
9973,12
9974,13
9977,13
9978,6
9979,13
9980,12
9981,12
9982,12
9983,13
9984,13
9985,13
9986,14
9987,12
9988,14
9989,12
9991,14
9992,12
9993,12
9994,12
9995,6
9996,14
9997,14
9999,14
10000,13
