<?xml version="1.0" encoding="UTF-8"?>
<execution>
  <sentence>
    <command>java</command>
    <option>-Xmx512000000</option>
    <option />
    <option>-jar</option>
    <option />
    <option />
    <executableFile>../exe/ClassifierFuzzyGP.jar</executableFile>
    <scriptFile>./GFS-GP-C/comp309fixedaset/config0s0.txt</scriptFile>
  </sentence>
  <sentence>
    <command>java</command>
    <option>-Xmx512000000</option>
    <option />
    <option>-jar</option>
    <option />
    <option />
    <executableFile>../exe/ClassifierFuzzyGP.jar</executableFile>
    <scriptFile>./GFS-GP-C/comp309fixedaset/config1s0.txt</scriptFile>
  </sentence>
  <sentence>
    <command>java</command>
    <option>-Xmx512000000</option>
    <option />
    <option>-jar</option>
    <option />
    <option />
    <executableFile>../exe/ClasifTest_Summary.jar</executableFile>
    <scriptFile>./Vis-Clas-Check/TSTGFS-GP-C/config0s0.txt</scriptFile>
  </sentence>
</execution>

